ISBN,Titulo,Autor,Editorial,Tema,Fecha,Cantidad
978-950-40-0198-0,Madre coraje,"Brecht, Bertolt",Alianza Editorial,Teatro,11/1/2010,1
978-987-26418-2-5,Babilonia,"Discépolo, Armando",Talleres Gráficos Del SRL,-,12/1/2010,1
978-987-26418-0-1,La obra maestra desconocida,"Balzac, Honoré de",Talleres Gráficos Del SRL,-,12/1/2010,1
950-026-042*,-,-,-,-,-,1
950-02-7278-4*,-,-,-,-,-,1
978-987-550-437-0,Crimen y castigo,"Dostoievski, Fedor M.",Longseller,-,9/1/2013,1
950-070-000-*,-,-,-,-,-,1
950-525-351-6 *,-,-,-,-,-,1
950-701-019-*,-,-,-,-,-,1
978-987-4409-92-8,Tejido con lana cruda,"Ancalao, Liliana",El Suri Porfiado Ediciones,-,7/1/2021,1
978-987-550-691-6,Cantos de vida y esperanza y otros poemas,Rubén Darío,Longseller,-,11/1/2010,1
978-950-731-481-0,Violín y otras cuestiones,"Gelman, Juan",Seix Barral,-,5/1/2009,1
978-987-4978-24-0,Los reinos de poesía,Varios,Casagrande,-,6/1/2021,1
978-950-05-2042-3,Una sombra donde sueña Camila O'Gorman y otros textos,Enrique Molina,Corregidor,-,2/1/2013,1
950-07-2707-2*,-,-,-,-,-,1
978-950-01-0974-1,Fedra,"Racine, Jean Baptiste",Estrada,-,10/1/2007,1
978-950-694-935-8,W. H. Auden: los primeros años,"Costa Picazo, Rolando",Grupo Editor Latinoamericano,-,-,1
978-950-03-0735-2,Trafalgar,"Pérez Galdós, Benito",Losada,-,10/1/2010,1
978-950-9779-79-2,Esperando a Godot,"Beckett, Samuel",Tusquets Editores,-,6/1/2014,1
978-987-45444-2-1,Nueva antologia rota,-,Ediciones Akal,-,-,1
978-987-684-785-8,"Y usted, ¿de qué se ríe?",Varios,Ediciones Colihue S.R.L.,-,3/1/2021,1
978-987-25526-6-4,Martín Fierro,"Hernández, José","Hernández, José",-,10/1/2015,1
987-566-100-7*,-,-,-,-,-,1
978-950-40-0262-8,Naufragios,"Núñez Cabeza de Vaca, Alva",Alianza Editorial,-,11/1/2010,1
978-950-547-147-8,Más que humano,"Sturgeon, Theodore",Editorial Planeta S.A.I.C.,-,11/1/2010,1
978-987-550-877-4,Edipo Rey. Antígona,Sófocles, 	Longseller,-,6/1/2011,1
978-950-04-3318-1,Maus II,"Spiegelman, Art",Emecé Editores,Novela Gráfica,11/1/2010,1
978-950-04-3317-4,Maus I,"Spiegelman, Art",Emecé Editores,Novela Gráfica,11/1/2010,1
978-987-550-513-1,El diario de Adán y Eva,"Twain, Mark",Longseller,-,2/1/2013,1
978-950-40-0203-1,La vendetta y otros cuentos de horror,"De Maupassant, Guy",Alianza Editorial,-,11/1/2010,1
978-950-581-270-7,Crónicas del ángel gris,"Dolina, Alejandro",Colihue,-,11/1/2010,1
978-950-40-0293-2,Antología poética,"Alberti, Rafael",Alianza Editorial,-,8/1/2014,1
978-84-494-1863-1*,-,-,-,-,-,1
978-987-580-251-3,Acerca de Roderer,Guillermo Martínez,Booket,-,2/1/2008,1
978-987-514-234-3*,-,-,-,-,-,1
978-978-731-641-4*,-,-,-,-,-,1
978-950-01-1349-6,El viaje de los argonautas. Los grandes relatos de la mitología griega II,-,Estrada,-,8/1/2011,1
978-987-1869-19-0,Un palmar sin orillas,-,En Danza,-,-,1
987-599-020-5*,-,-,-,-,-,1
978-950-05-2044-7,Los mejores cuentos policiales,"Peyrou, Manuel",Corregidor,-,3/1/2013,1
978-987-564-948-4,Anaxalimma,"Verano, Raúl Ignacio",De Los Cuatro Vientos,-,3/1/2008,1
978-987-1629-57-2,Documento temático INADI,"Mouratian, Pedro",INADI,-,5/1/2015,1
978-987-04-1742-2,El león rendido,"González, Eduardo A.","Aguilar, Altea, Taurus, Alfaguara",-,2/1/2013,1
978-987-614-064-5,Siete grandes cuentos fantásticos,-,Capital Intelectual,-,4/1/2013,1
978-950-00-1052-8,"Mirar y que te miren, pensar y que te piensen",-,Ministerio de Educación de la Nación,-,11/1/2014,1
978-950-511-796-3,Los que llegamos más lejos,"Brizuela, Leopoldo","Aguilar, Altea, Taurus, Alfaguara",-,2/1/2013,1
978-950-40-0202-4,Demián,"Hesse, Hermann",Alianza Editorial,-,11/1/2010,1
978-987-591-507-7,Ruta en colisión,"Colasanti, Marina",Brujas,-,7/1/2014,1
987-1138-51-2*,-,-,-,-,-,1
978-950-49-1717-5,Moby Dick,"Melville, Herman",Planeta,-,6/1/2007,1
950-534-207-1*,-,-,-,-,-,1
978-84-207-4355-4*,-,-,-,-,-,1
978-987-1217-61-8,Nicolás Guillén : selección poética,"Guillén, Nicolás",Iamiqué,-,5/1/2014,1
978-950-04-3308-2,Adán Buenosayres,"Marechal, Leopoldo",Emecé Editores,-,11/1/2010,1
978-987-22006-7-1,Bodas de sangre,"García Lorca, Federico",Vallarta,-,11/1/2006,1
978-950-563-661-7,El grotesco criollo,"Discépolo, Armando, ;Cossa, Roberto",Colihue,-,11/1/2010,1
978-950-05-1111-7,Cuentos selectos,"Denevi, Marco",Corregidor,-,6/1/2011,1
978-950-40-0261-1,El candor del padre Brown,"Chesterton, Gilbert Keith",Alianza Editorial,-,12/1/2012,1
978-987-1803-58-3,"La mitad de la verdad, Obra poética reunida 1982-2007","Gruss, Irene",Bajo La Luna,-,8/1/2014,1
978-950-40-0260-4,Alicia en el país de las maravillas,"Carroll, Lewis",Alianza Editorial,-,11/1/2010,1
978-950-581-052-9,La invención de Morel,"Bioy Casares, Adolfo",Colihue,-,11/1/2010,1
978-950-40-0200-0,Guerra del tiempo y otros relatos,"Carpentier, Alejo",Alianza Editorial,-,11/1/2010,1
978-950-40-0215-4,Don Quijote de la Mancha,"Cervantes Saavedra, Miguel de",Alianza Editorial,-,7/1/2007,1
978-950-04-3305-1,Obra completa,"Borges, Jorge Luis",Emecé Editores,-,11/1/2010,1
987-1081-70-7,Enseñar matemática hoy,"Sadovsky, Patricia",Libros del Zorzal,-,7/1/2005,1
978-987-550-125-6,"Leyendas, mitos, cuentos y otros relatos collas","Córdova, Fernando",Longseller,-,6/1/2014,1
978-987-573-193-6,Mundo Bilina,"Palacios, Cristian",SM,-,7/1/2008,1
978-987-749-083-1,El animal glorioso,"Bollea, Gustavo Pedro",Ediciones UNL,-,7/1/2017,1
978-987-514-233-6,Poetas del surrealismo,Varios,Leviatán,-,3/1/2013,1
978-987-514-232-9,Colibríes encendidos,René Palacios More,Leviatán,-,3/1/2013,1
978-987-550-704-3,Frankenstein,"Shelley, Mary Wollstonecraft",Longseller,-,9/1/2012,1
84-494-1547-0*,-,-,-,-,-,1
950-511-672-1*,-,-,-,-,-,1
978-950-731-531-2,Sobre héroes y tumbas,Ernesto Sábato,Seix Barral,-,6/1/2007,1
978-950-731-532-9,Sobre héroes y tumbas,Ernesto Sábato,Seix Barral,-,6/1/2007,1
978-987-1228-50-8,Periplo,"Filloy, Juan",El Cuenco de Plata,-,12/1/2007,1
84-85840-55-0*,-,-,-,-,-,1
978-950-04-3304-4,Obra completa,"Borges, Jorge Luis",Emecé Editores,-,11/1/2010,1
978-950-04-2819-4,Cuentos completos,-,Emecé Editores,-,6/1/2007,1
987-04-0521-5*,-,-,-,-,-,1
978-950-852-230-6,Naufragios y comentarios,"Núñez Cabeza de Vaca, Alvar",Espasa-Calpe,-,6/1/2007,1
978-950-04-2817-0,Cuentos completos,"Ocampo, Silvina",Emecé Editores,-,6/1/2007,1
978-950-49-1716-8,Moby Dick,"Melville, Herman",Planeta,-,6/1/2007,1
978-950-05-1701-0,La vida blanca,"Mallea, Eduardo",Corregidor,-,12/1/2010,1
978-950-04-2907-8,Una excursión a los indios ranqueles,"Mansilla, Lucio",Emecé Editores,-,6/1/2007,1
978-950-04-2908-5,Una excursión a los indios ranqueles,"Mansilla, Lucio",Emecé Editores,-,6/1/2007,1
978-950-04-2821-7,Trafalgar,Angélica Gorodischer,Emecé Editores,-,6/1/2007,1
978-987-3709-12-8,Palabras originarias,"Gentile, Angela",Estación Mandioca,-,8/1/2014,1
978-950-00-1009-2,Pensar Malvinas,-,Ministerio de Educación de la Nación,-,12/1/2013,1
978-950-754-374-6,Teseo,"Pommaux, Yvan",Continente,-,5/1/2012,1
10-950-07-2707-2*,-,-,-,-,-,1
978-987-504-461-6,Jamle,"Falconi, María Inés",Quipu,-,5/1/2021,1
978-987-1904-08-2,Herejía bermeja : obra poética,"Bustriazo Ortiz, Juan Carlos",Espacio Hudson,-,6/1/2014,1
978-950-546-238-4,Poesía completa,"Cardenal, Ernesto",Patria Grande,-,8/1/2014,1
978-95004-1683-8*,-,-,-,-,-,1
978-987-8461-85-4,Matemática 2,"Covelo, Laura;Covelo, Mar",Maipue,-,2/1/2023,1
950-43-3490-3,Nueva enciclopedia de la provincia de Santa Fe,"Renna, Amílcar Damián",Edición del Autor,-,4/1/1991,1
978-987-1803-59-0,El libro del haiku,"Silva, Alberto",Bajo La Luna,-,8/1/2014,1
978-987-514-280-0,El soneto,"Adúriz, Javier",Leviatán,-,6/1/2014,1
978-950-40-0208-6,Los mitos griegos 1,"Graves, Robert",Alianza Editorial,-,10/1/2010,1
978-950-04-3302-0,Obra completa,"Borges, Jorge Luis",Emecé Editores,-,11/1/2010,1
84-7888-234-0*,-,-,-,-,-,1
978-950-04-3643-4,Poesía completa I,"Ocampo, Silvina",Emecé Editores,-,8/1/2014,1
978-987-684-945-6,Bull Rockett,"Oesterheld, Héctor Germán",Colihue,-,2/1/2013,1
978-84-376-0677-4*,-,-,-,-,-,1
978-04-0107-4*,-,-,-,-,-,1
978-987-502-332-1,Pasacalles,Varios,Distal,-,1/1/2013,1
978-987-35-0305-4,Historia de dos continentes siglos XIV-XIX,Varios,AZ,-,5/1/2015,1
987-1081-71-5*,-,-,-,-,-,1
978-987-672-178-3,El viaje de Parvana,"Ellis, Deborah",Macmillan,-,12/1/2012,1
987-1228-12-0*,-,-,-,-,-,1
950-641-280-4*,-,-,-,-,-,1
950-12-6117-4*,-,-,-,-,-,1
950-04-0460-5*,-,-,-,-,-,1
978-950-40-0197-3,La vida de Galileo Galilei,"Brecht, Bertolt",Alianza Editorial,-,12/1/2012,1
978-987-1687-0105*,-,-,-,-,-,1
978-950-515-317-6,Toda Mafalda,Quino,De la Flor,-,12/1/2010,1
978-987-628-052-5,El colectivo,"Almeida, Eugenia",Edhasa,-,4/1/2014,1
978-987-06-0518-8,Si la palmera supiera...,-,Aique Grupo Editor,-,12/1/2012,1
978-950-05-2047-8,Una noche en la biblioteca,"Bailly, Jean-Christophe",Corregidor,-,2/1/2013,1
978-987-713-035-5,El nombrador,"Dávalos, Jaime",Fabro,-,7/1/2014,1
978-950-03-0578-5,El señor presidente,"Asturias, Miguel Angel",Losada,-,10/1/2010,1
978-950-07-6547-3,Los que volvieron,"Averbach, Márgara",Sudamericana,-,6/1/2021,1
978-950-852-228-3,Viaje al centro de la tierra,"Verne, Julio",Espasa-Calpe,-,6/1/2007,1
978-987-550-095-2,Hojas de hierba,"Whitman, Walt",Longseller,-,2/1/2013,1
84-207-6535-X*,-,-,-,-,-,1
978-987-04-0522-1,Cuentos completos y uno más,"Valenzuela, Luisa",Aguilar,-,7/1/2006,1
978-950-03-0620-1,Los siete locos,"Arlt, Roberto",Losada,-,10/1/2010,1
978-950-03-0605-8,El juguete rabioso,"Arlt, Roberto",Losada,-,3/1/2012,1
978-950-581-268-4,El Burlador de Sevilla. Convidado de piedra,Tirso de Molina,Colihue,-,7/1/2007,1
978-950-511-579-2,Fuego en Casabindo,"Tizón, Héctor",Aguilar,-,3/1/2000,1
978-950-547-098-3,El hobbit,"Tolkien, John Ronald Reuen",Minotauro,-,6/1/2007,1
978-950-547-097-6,Crónicas marcianas,"Bradbury, Ray",Minotauro,-,6/1/2007,1
978-950-04-2808-8,La invención de Morel,"Bioy Casares, Adolfo",Emecé Editores,-,6/1/2007,1
978-950-05-1181-0,Textos selectos,"Fernández, Macedonio",Corregidor,-,4/1/2014,1
978-950-556-502-3,La vida de Lazarillo de Tormes,Anónimo,,-,7/1/2007,1
978-950-556-503-0,Babilonia,"Discépolo, Armando",Galerna,-,7/1/2008,1
987-500-032-9*,-,-,-,-,-,1
978-950-07-4201-6,Cuidado que hay trampa,"Shua, Ana María",Sudamericana,-,7/1/2013,1
978-987-06-0219-4,Cuentos fatales,"Lugones, Leopoldo",Aique Grupo Editor,-,10/1/2009,1
978-950-00-1061-0,Lecturas grabadas,Varios,Ministerio de Educación de la Nación,-,2/1/2015,1
84-376-1403-1*,-,-,-,-,-,1
978-950-515-186-8,Te digo más...,"Fontanarrosa, Roberto",De la Flor,-,12/1/2010,1
978-950-03-0584-6,El candor del padre Brown,"Chesterton, Gilbert Keith",Losada,-,9/1/2022,1
84-376-1526-7*,-,-,-,-,-,1
978-950-03-0683-6,Cantos de vida y esperanza,Rubén Darío,Losada,-,10/1/2006,1
84-207-3619-9*,-,-,-,-,-,1
978-950-40-0199-7,Siete mensajeros y otros relatos,"Buzzatti, Dino",Alianza Editorial,-,11/1/2010,1
978-987-4445-19-13*,-,-,-,-,-,1
978-950-05-3023-1,Textos selectos,"Girondo, Oliverio",Corregidor,-,7/1/2014,1
978-987-1598-74-8,En la resaca,-,Paradiso,-,2/1/2014,1
978-950-808-729-4,El diablo mete la cola y otros cuentos del infierno,"Butti, Enrique M.",Homo Sapiens Ediciones,-,2/1/2013,1
978-987-4063-86-1,Algo más,"Cohen, Marcelo",Sigilo,-,5/1/2021,1
978-987-1823-02-4,El cuarto prohibido,"Ezquieta, Itziar",Ediciones de la Magnolia,-,6/1/2012,1
978-987-1156-16-0,Licantropía,"Fondebrider, Jorge",Adriana Hidalgo Editora,-,5/1/2013,1
978-987-1556-00-7,Asesinos,"Abós, Alvaro",Adriana Hidalgo Editora,-,5/1/2013,1
978-950-00-1586-8,Malvinas y el mar,Ministerio de Educación de la Nación,Ministerio de Educación de la Nación,-,8/1/2022,1
978-987-550-681-7,Una excursión a los indios ranqueles,"Mansilla, Lucio Victorio",Longseller,-,7/1/2014,1
978-950-852-229-0,Viajes de Gulliver,"Swift, Jonathan",Espasa-Calpe,-,6/1/2007,1
978-950-04-3314-3,Sobre héroes y tumbas,"Sábato, Ernesto",Emecé Editores,-,11/1/2010,1
84-667-4528-9*,-,-,-,-,-,1
978-987-04-0644-0,La ciudad y los perros,"Vargas Llosa, Mario",Aguilar,-,2/1/2007,1
978-950-40-0263-5,Los viajes de Gulliver,"Swift, Jonathan",Alianza Editorial,-,11/1/2010,1
978-987-04-1682-1,Fuego en Casabindo,"Tizón, Héctor",Aguilar,-,12/1/2010,1
978-950-40-0264-2,Viaje al centro de la Tierra,"Verne, Julio",Alianza Editorial,-,11/1/2010,1
978-950-40-0265-9,El retrato de Dorian Gray,"Wilde, Oscar",Alianza Editorial,-,11/1/2010,1
978-950-04-3303-7,Obra completa,"Borges, Jorge Luis",Emecé Editores,-,11/1/2010,1
978-987-1155-94-1,Poesía completa,"Pilar, Horacio",Atuel,-,8/1/2014,1
950-19-0031-2*,-,-,-,-,-,1
978-987-566-281-0,Moby Dick,"Melville, Herman",Debolsillo,-,11/1/2010,1
978-987-04-1681-4,Ensayo sobre la ceguera,"Saramago, José",Aguilar,-,12/1/2010,1
978-950-23-1342-9,Leyendas,"Bécquer, Gustavo Adolfo",Eudeba,-,3/1/2007,1
978-987-1920-05-1,Escrito con un nictógrafo,Arturo Carrera,Interzona Editora,-,1/1/2013,1
978-950-11-1524-6,Clásicos de suspenso,"Saki ;Elsinger, Enrique",Sigmar,-,3/1/2001,1
978-950-11-1525-3,Clásicos de ciencia ficción,Varios,Sigmar,-,11/1/2004,1
978-950-13-0344-5,Kapelusz,Varios,Programa Kapelusz nuevos desafíos,-,10/1/2012,1
978-950-11-1279-5,Clásicos de misterio 1,"Bécquer, Gustavo Adolfo;Elsinger, Enrique;",Sigmar,-,12/1/2004,1
978-987-1291-50-2,Corazón alado,"Hernández, Miguel",Vicens Vives Argentina,-,2/1/2013,1
978-987-4429-59-9,Bestiario,"Neruda, Pablo",Libros del Zorro Rojo,-,3/1/2021,1
978-950-852-227-6,El retrato de Dorian Grey,"Cortázar, Julio",Espasa-Calpe,-,6/1/2007,1
978-987-04-0806-2,Cuentos,"Cortázar, Julio",Aguilar,-,8/1/2007,1
978-950-557-940-2,De repente en lo profundo del bosque,"Oz, Amos",Fondo de Cultura Económica,-,9/1/2012,1
978-987-1208-44-9,Robin Hood,-,Cypres,-,5/1/2012,1
84-226-0944-4*,-,-,-,-,-,1
978-987-657-656-7,Luis de Córdoba y nosotros. La espada y los libros,"de Luca, Santiago;",Ediciones UNL,-,9/1/2011,1
978-950-04-3319-8,El beso de la mujer araña,"Puig, Manuel",Emecé Editores,-,11/1/2010,1
978-950-04-3313-6,El túnel,"Sábato, Ernesto",Emecé Editores,-,11/1/2010,1
978-950-04-3312-9,Cuentos completos,"Ocampo, Silvina",Emecé Editores,-,11/1/2010,1
978-950-40-0240-8*,-,-,-,-,-,1
978-950-694-934-1,Llueve y distancia,-,Grupo Editor Latinoamericano,-,-,1
978-950-694-933-4,Aquel corazón descamisado,-,Grupo Editor Latinoamericano,-,-,1
978-987-550-566-7,La casa de Bernarda Alba,"García Lorca, Federico",Longseller,-,11/1/2010,1
978-950-04-3307-5,Trafalgar,Angélica Gorodischer,Emecé Editores,-,11/1/2010,1
978-950-03-7220-6,Poesías completas,-,Losada,-,2/1/2014,1
978-950-40-0209-3,Los mitos griegos 2,"Graves, Robert",Alianza Editorial,-,11/1/2010,1
978-987-550-535-3,Don Segundo Sombra,"Güiraldes, Ricardo",Longseller,-,3/1/2013,1
978-950-852-253-5,Tartufo y El Misántropo,Molière,Espasa-Calpe,-,11/1/2010,1
950-07-0587-7*,-,-,-,-,-,1
978-950-556-501-6,Hamlet,"Shakespeare, William",Galerna,-,7/1/2007,1
987-950-04-3320-4*,-,-,-,-,-,1
978-950-556-500-9,Macbeth,"Shakespeare, William",Galerna,-,7/1/2008,1
978-987-40-0205-5*,-,-,-,-,-,1
978-950-731-533-6,"Arqueros, ilusionistas y goleadores",-,Seix Barral,-,6/1/2007,1
978-950-03-0311-8,"Suerte está echada, La. El engranaje","Sartre, Jean-Paul",Losada,-,10/1/2006,1
978-950-731-530-5,El túnel,Ernesto Sábato,Seix Barral,-,6/1/2007,1
978-950-731-529-9,El beso de la mujer araña,"Puig, Manuel", 	Seix Barral,-,6/1/2007,1
84-376-0548-2*,-,-,-,-,-,1
978-84-376-2390-0*,-,-,-,-,-,1
978-950-04-2818-7,Cuentos completos,"Ocampo, Silvina", 	Emecé Editores,-,-,1
978-950-556-512-2,La Ilíada,Homero,Galerna,-,9/1/2007,1
84-376-0640-3*,-,-,-,-,-,1
978-1138-51-2*,-,-,-,-,-,1
978-987-550-701-2,Otra vuelta de tuerca,"James, Henry", 	Longseller,-,6/1/2007,1
978-950-731-527-5,Adan Buenosayres,"Marechal, Leopoldo", 	Seix Barral,-,6/1/2007,1
978-950-731-528-5*,-,-,-,-,-,1
978-987-550-703-6,Platero y yo,"Giménez, Juan Ramón",Longseller,-,6/1/2007,1
978-987-550-700-5,Don Segundo Sombra,"Güiraldes, Ricardo",Longseller,-,6/1/2007,1
978-987-550-702-9,Juan Moreira,"Gutiérrez, Eduardo",Longseller,-,11/1/2010,1
978-950-46-0474-7,Santillana,"Lope de Vega y Carpio, Félix",Santillana,-,7/1/1997,1
978-950-49-1718-2,Fausto,"Goethe, Johann Wolfgang",	Planeta,-,6/1/2007,1
978-84-667-6505-3*,-,-,-,-,-,1
987-950-581-269-1*,-,-,-,-,-,1
978-950-511-679-9,Cuentos de escritoras argentinas,"Iparraguirre, Sylvia;Elsinger, Enrique",Aguilar,-,3/1/2001,1
978-950-40-0201-7,El halcón maltés,"Hammett, Dashiell",Alianza Editorial,-,12/1/2012,1
978-950-03-7832-1,Alicia en el país de las maravillas,"Carroll, Lewis",-,-,-,1
978-950-731-526-8,Las otras puertas,"Castillo, Abelardo",-,-,-,1
978-950-40-0213-0,Don Quijote de la Mancha,"Cervantes Saavedra, Miguel de",Alianza Editorial S.A.,-,-,1
978-950-40-0214-7,-,-,-,-,-,1
978-950-753-286-3,-,-,-,-,-,1
978-84-376-1526-4,-,-,"Cervantes Saavedra, Miguel de",-,7/1/2007,1
978-987- 545-825-3*,-,-,-,-,-,1
978-987-578-203-7,Lo raro empezó después,"Sacheri, Eduardo",Punto de Lectura,-,9/1/2013,1
978-987-47688-8-9,La ciudad de las nubes,Dábale Arroz,Dábale Arroz,-,6/1/2021,1
978-987-573-023-6,Madre de todas las aguas,"Averbach, Márgara",SM,-,6/1/2009,1
978-987-21615-5-2,Gentuza,"Filloy, Juan",El Cuenco de Plata,-,11/1/2004,1
978-987-1923-84-7,80 poemas y canciones,"Brecht, Bertolt",Adriana Hidalgo Editora,-,8/1/2014,1
978-950-754-480-4,"Los pájaros perdidos, poemas de amor","Trejo, Mario",Continente,-,6/1/2014,1
978-987-504-087-8,El desertor,"Eckhardt, Marcelo",Quipu,-,4/1/2013,1
978-987-632-657-5,El oscuro,"Moyano, Daniel",Del Sol,-,1/1/2013,1
978-950-05-3024-8,Recuerda cuerpo... poesía erótica,"Kavafis, Konstantino",Corregidor,-,7/1/2014,1
978-987-628-210-9,Enemigos del sistema,"Aldiss, Brian",Edhasa,-,2/1/2013,1
978-987-11580-30-9*,-,-,-,-,-,1
978-987-06-0626-0,24 poetas latinoamericanos,"Girondo, Oliverio",Aique Grupo Editor,-,7/1/2014,1
978-987-684-856-5,En lo más implacable de la noche,"Vilariño, Idea",Colihue 987-684,-,8/1/2014,1
950-687-031-4*,-,-,-,-,-,1
978-950-05-2046-1,Obra poética,"Orozco, Olga,",Corregidor,-,2/1/2013,1
978-950-754-255-8,Kallfv mapu = Tierra azul,-,Continente,-,4/1/2013,1
978-950-515-973-4,Teatro 3,"Carlos Gorostiza,",De la Flor,-,1/1/2013,1
950-43-5380-0*,-,-,-,-,-,1
978-987-628-019-8,La casa de los conejos,"Alcoba, Laura;",Edhasa,-,11/1/2012,1
978-987-04-1684-5,Cuentos completos y uno más,"Valenzuela, Luisa;","Aguilar, Altea, Taurus",-,12/1/2010,1
978-950-557-942-6,La leyenda de Taita Osongo,"Rosell, Joel Franz",Fondo de Cultura Económica,-,9/1/2012,1
978-950-557-941-9,El horrible sueño de Harriet,"Horowitz, Anthony",Fondo de Cultura Económica,-,3/1/2013,1
978-987-04-1686-9,Cuentos completos II,"Cortázar, Julio","Aguilar, Altea, Taurus",-,12/1/2010,1
978-987-3969-37-9,"No, no y no","Cortázar, Julio",Ojoreja,-,3/1/2021,1
978-987-712-227-5,Una muchacha muy bella,"López, Julián",Eterna Cadencia,-,4/1/2021,1
950-13-2783-3*,-,-,-,-,-,1
84-207-2872-1(españa),Matematicas 2 BUP,Varios,Anaya Educacion,-,-,1
950-04-0168-1*,-,-,-,-,-,1
978-987-1923-81-6,Obra poética,"Urondo, Francisco",Adriana Hidalgo Editora,-,8/1/2014,1
950-687-000-4*,-,-,-,-,-,1
950-687048-9*,-,-,-,-,-,1
978-950-00-0849-5,Educación sexual integral,"Marina, Mirta",Ministerio de Educación de la Nación,-,3/1/2011,1
978-950-05-2048-5,Teatro abierto 1981,"Halac, Ricardo",Corregidor,-,2/1/2013,1
978-950-00-0871-6,Inglés,"Pablo, Gabriela",Ministerio de Educación de la Nación,-,6/1/2011,1
978-987-8431-16-1,Poesía : 1992-2013,"Corbalán, Macky",En Danza,-,6/1/2021,1
950-9051-75-6*,-,-,-,-,-,1
978-987-04-0029-5,Como si no hubiera que cruzar el mar,"Pisos, Cecilia","Aguilar, Altea, Taurus",-,7/1/2013,1
950-892-049-1*,-,-,-,-,-,1
978-987-1156-58-0,El africano,"Le Clézio, Jean Marie Gustave",Adriana Hidalgo Editora,-,5/1/2013,1
978-987-1869-17-6,Ësta es mi Storni,-,En Danza,-,-,1
978-987-8431-08-6,Poesía reunida,"Andruetto, María Teresa",En Danza,-,3/1/2021,1
978-987-8456-02-7,Reuëmn,"Ancalao, Liliana;Ayilef",Espacio Hudson,-,4/1/2021,1
978-950-04-3316-7,"Arqueros, ilusionistas y goleadores","Soriano, Osvaldo",Emecé Editores,-,11/1/2010,1
950-534-233-0*,-,-,-,-,-,1
978-987-628-113-3,El mundo de Rocannon,"Le Guin, Ursula K",Edhasa,-,12/1/2010,1
978-950731-804-7*,-,-,-,-,-,1
950-01-0212-9*,-,-,-,-,-,1
978-987-684-854-1,Seis poetas griegos,"Seferiadis, Giorgios Stylianou",Colihue 987-684,-,8/1/2014,1
978-987-684-851-0,Iluminaciones,"Rimbaud, Arthur",Colihue 987-684,-,8/1/2014,1
978-950-05-2045-4,Falsificaciones,"Denevi, Marco",Corregidor,-,3/1/2013,1
978-987-3612-50-3,Curva de remanso,"Annibali, María Elena",Caballo Negro Editora,-,6/1/2021,1
978-987-612-248-1,Los estatutos del hombre,"De Mello, Thiago",V&R,-,1/1/2013,1
978-950-05-2041-6,Poemas selectos,"Enrique Molina,",Corregidor,-,3/1/2013,1
978-987-9226-18-6,Javier Villafañe por el camino de Don Quijote,"Tulián, Aldo",Del Cronopio Azul,-,3/1/2013,1
978-987-1768-18-9,Como sólo la muerte es pasajera: poesía reunida,"Szpunberg, Alberto",Entropía,-,8/1/2014,1
978-950-546-239-1,Poesía completa,"Cardenal, Ernesto",Patria Grande,-,8/1/2014,1
950-07-2707-2*,-,-,-,-,-,1
978-987-790-033-0,Obra teatral,"Piñeiro, Claudia",Interzona Editora,-,4/1/2021,1
978-950-00-17-16-9*,-,-,-,-,-,1
987-500-031-0*,Largo día de cólera,"Marechal, Leopoldo",Colihue 987-684,-,8/1/2014,1
978-987-684-852-7,Largo día de cólera,"Marechal, Leopoldo",Colihue 987-684,-,8/1/2014,1
950-00-0214-0*,-,-,-,-,-,1
950-9487-02-3*,-,-,-,-,-,1
978-987-719-019-9,Poesía no completa,"Szymborska, Wislawa",Fondo de Cultura Económica,-,8/1/2014,1
978-987-684-850-3,El grillo y otros poemas,"Nalé Roxlo, Conrado",Colihue 987-684,-,8/1/2014,1
950-04-0219-X*,-,-,-,-,-,1
978-950-07-4865-0,Poesía completa,"Pizarnik, Alejandra",Sudamericana,-,7/1/2014,1
978-987-602-285-9,Vicente Huidobro : poemas ilustrados,"Huidobro, Vicente",Comunic-Arte,-,5/1/2014,1
978-950-03-7221-3,Antología,-,Losada,-,2/1/2014,1
0-582-52042-8*,-,-,-,-,-,1
950-026-042*,-,-,-,-,-,1
978-987-1580-25-5,Como agua,"Giménez, Eduardo Abel",Del Eclipse,-,1/1/2013,1
978-987-684-849-7,Marimba,"Boccanera, Jorge",Colihue 987-684,-,8/1/2014,1
978-950-892-424-7,Historias viajeras de todos los tiempos,"Ferro, Beatriz",Lugar Editorial,-,2/1/2013,1
978-987-672-044-1,La gran rata de Sumatra,"Fleischman, Sid",Macmillan,-,9/1/2011,1
978-987-684-968-5,Teatro breve contemporáneo argentino II,"Adellach, Alberto, ;Esteve",Colihue,-,2/1/2013,1
978-987-97497-8-4,El nuevo sistema de justicia militar,Argentina. Ministerio de Defensa,Ministerio de Defensa,-,12/1/2008,1
978-950-00-0872-3,Formación ética y ciudadana,"ppolito, Mónica L",Ministerio de Educación de la Nación,-,6/1/2011,1
950-13-2789-2,Guía matemática 1,"Sarico, Daniel",Kapelusz,-,11/1/1994,1
978-987-25356-7-4,Libro blanco de la defensa 2010,"Garré, Nilda Celia",Ministerio de Defensa,-,11/1/2010,1
978-950-00-1714-5,Memorias,Minsiterio de Educación de la Nación,Ministerio de Educación de la Nación,-,1/1/2023,1
978-987-657-965-0,¿Por qué la ciencia?,"Klimovsky, Gregorio",Ediciones UNL,-,11/1/2014,1
978-950-808-730-0,Antología poética : edición especial,"Cardenal, Ernesto",Homo Sapiens Ediciones,-,2/1/2013,1
978-987-657-963-6,Tres mitos de nuestro tiempo,Mario Bunge,Ediciones UNL,-,11/1/2014,1
978-987-684-965-4,En lo más implacable de la noche,"Vilariño, Idea",Colihue,-,2/1/2013,1
978-987-657-962-9,"Alberdi, Sarmiento y Mitre",Tulio Halperin Donghi,Ediciones UNL,-,11/1/2014,1
978-987-04-0748-5,El último espía,Pablo De Santis,"Aguilar, Altea, Taurus,",-,1/1/2013,1
978-987-657-964-3,Cinco confusiones acerca de la relevancia moral de la diversidad cultural,"Garzón Valdés, Ernesto",Ediciones UNL,-,11/1/2014,1
978-987-712-234-3,Vikinga Bonsái,"Ojeda, Ana",Eterna Cadencia,-,7/1/2021,1
950--01-0210-2*,-,-,-,-,-,1
950-13-2784-1*,-,-,-,-,-,1
978-987-684-958-6,Cruz diablo!,"Coluccio, Félix,",Colihue,-,2/1/2013,1
978-987-1823-04-8,Reunión,"Cortázar, Julio",Ediciones de la Magnolia,-,5/1/2012,1
978-950-16-5137-9,Cuentos y leyendas de los indios americanos,-,Troquel,-,3/1/2013,1
978-987-1865-24-6,Latinoamérica en voz,"Falero, Beatriz;Drennen",Abran Cancha,-,2/1/2013,1
978-987-1086-53-5,"Historia de Argentina, América y el mundo en la segunda mitad del Siglo XX","Recalde, Héctor Eleodoro",Del Aula Taller,-,10/1/2010,1
978-987-514-287-9,Viento Caribe,"Dalter, Eduardo;Segura",Leviatán,-,8/1/2014,1
950-00-0196-9*,-,-,-,-,-,1
978-987-1291-48-9,Cervantes,"Murias de Aller, Eduardo",Vicens Vives Argentina,-,2/1/2013,1
978-987-1923-85-4,Si alguien tiene que ser después,"Bignozzi, Juana",Adriana Hidalgo Editora,-,8/1/2014,1
978-987-1307-56-2,Con el Che por Sudamérica,"Granado, Alberto",Marea,-,1/1/2013,1
978-987-04-1459-9,Parranda larga,"Parra, Nicanor;	","Aguilar, Altea, Taurus",-,4/1/2010,1
978-950-808-728-7,Antología poética,"Pedroni, José",Homo Sapiens Ediciones,-,2/1/2013,1
950-534-107-5*,-,-,-,-,-,1
978-987-684-857-2,Postales para Lima,"Cisneros, Antonio",Colihue 987-684,-,8/1/2014,1
978-987-1098-19-4,Rafaela,"Furiasse, Mariana",SM,-,9/1/2009,1
950-13-6334-1*,-,-,-,-,-,1
978-950-00-0747-4,De la tierra a los planetas rocosos,"Folguera, Andrés;Spagnolo",Ministerio de Educación de la Nación,-,12/1/2009,1
978-950-00-0748-1,Los números,"Graña, Matías Alejo,",Ministerio de Educación de la Nación,-,12/1/2009,1
978-987-1869-15-2,Obra poética,-,En Danza,-,-,1
978-950-00-0752-8,Introducción a la representación molecular,"Rosi, Pablo",Ministerio de Educación de la Nación,-,1/1/2010,1
978-950-9693-85-2,La capataza,"Yupanqui, Atahualpa",Cinco,-,3/1/2014,1
978-987-684-786-5,Cuentos policiales argentinos con tinta y sangre,"De Santis, Pablo;Gandolfo, Elvio;Sasturain",Colihue 987-684,-,3/1/2021,1
978-987-580-405-0,El llano en llamas. Pedro Páramo,"Rulfo, Juan",Booket,-,11/1/2010,1
950-9051-72-1*,-,-,-,-,-,1
978-1081-71-5*,-,-,-,-,-,1
978-950-581-543-2,Abran cancha que aquí viene Don Quijote de la Mancha,"Basch, Adela",Colihue,-,11/1/1990,1
978-987-550-102-7,"Leyendas, mitos, cuentos y otros relatos mapuches","Córdova, Fernando",Longseller,-,6/1/2014,1
978-987-1865-23-9,Latinoamérica en voz 2,Varios,Abran Cancha,-,2/1/2013,1
978-987-514-286-2,Poetas clásicos norteamericanos,"Grinberg, Miguel",Leviatán,-,8/1/2014,1
978-987-514-285-5,"Harlem, los blues de la historia","Dalter, Eduardo",Leviatán,-,8/1/2014,1
978-987-04-0107-0,Poesía completa,"Saramago, José","Aguilar, Altea, Taurus, Alfaguara",-,2/1/2013,1
978-987-1923-86-1,Antología poética,"Michaux, Henri",Adriana Hidalgo Editora,-,8/1/2014,1
978-1228-12-0*,-,-,-,-,-,1
978-987-684-953-1,Antígona Vélez,"Marechal, Leopoldo",Colihue,-,2/1/2013,1
978-987-47789-0-1,Piedras,"Mallol, Anahí;",Prebanda Ediciones,-,6/1/2021,1
84-494-1547-0*,-,-,-,-,-,1
950-687-033-0*,-,-,-,-,-,1
950-753-033-9*,-,-,-,-,-,1
978-987-1750-46-7,"Roque Dalton, antología poética","Dalton, Roque",Acercándonos Editorial,-,7/1/2014,1
978-987-4424-10-5,Automatismos industriales,"Rodríguez Fernández, Julián",Jerez Editores,-,9/1/2017,1
978-987-502-343-7,Aventuras de un porteño en tiempos de la colonia,"Colombo, Jorge A",Distal,-,2/1/2013,1
978-987-788-018-2,Noche de terror en la ciudad,"Saracino, Luciano",RiderChail Editions,-,5/1/2021,1
950-13-0883-9,Ciencias sociales 8 educación general básica,"Souto, Gabriela, ;Elsinger",Kapelusz,-,2/1/2000,1
950-46-0508-7*,-,-,-,-,-,1
978-987-684-964-7,Noche tótem,"Girondo, Oliverio, ",Colihue,-,2/1/2013,1
978-987-684-946-3,Lengua y herida,"Gamoneda, Antonio",Colihue,-,2/1/2013,1
978-987-1912-33-9,30.30 poesía argentina del siglo XXI,"Antolín, ;Beier, Leandro;Bejarano",Editorial Municipal de Rosario,-,8/1/2014,1
978-987-1291-49-6,Amigos robots,"Asimov, Isaac",Vicens Vives Argentina,-,2/1/2013,1
978-987-07-0162-0,El lugar perdido,"Huidobro, Norma;",Arte Gráfico Editorial Argentino,-,12/1/2007,1
978-950-05-3021-7,Poemas,"Fernández, Macedonio",Corregidor,-,7/1/2014,1
950-01-0210-2*,-,-,-,-,-,1
978-950-23-3151-5,La estupidez,"Spregelburd, Rafael",Eudeba,-,5/1/2021,1
978-84-940165-2-3*,-,-,-,-,-,1
950-687-030-6*,-,-,-,-,-,1
978-950-04-3306-8*,-,-,-,-,-,1
950-13-2742-6*,-,-,-,-,-,1
978-987-23200-4-1,Rincón gaucho en la escuela,"Ermácora, Gabriel",La Nación,-,6/1/2008,1
950-534-638-7,Sociedad en red 7,"Alvarez, Gabriel",AZ,-,3/1/2011,1
950-9000-03-5*,-,-,-,-,-,1
950-12-6117-4*,-,-,-,-,-,1
950-04-0460-5*,-,-,-,-,-,1
978-987-1687-01-5,Sinfín de principios,"Ladizesky, Malena",IDELCOOP - Instituto de la Cooperación,-,5/1/2014,1
978-987-04-1365-3,Don Quijote de la Mancha,"Cervantes Saavedra, Miguel","Aguilar, Altea, Taurus",-,10/1/2009,1
978-987-04-1685-2,Cuentos completos I,"Cortázar, Julio","Aguilar, Altea, Taurus",-,12/1/2010,1
978-950-05-3318-8,La morada imposible 1,"Thénon, Susana",Corregidor,-,5/1/2021,1
987-96517-4-x*,-,-,-,-,-,1
978-987-04-1687-6,Cuentos completos,"Onetti, Juan Carlos","Aguilar, Altea, Taurus",-,12/1/2010,1
950-641-280-4*,-,-,-,-,-,1
978-950-860-269-5,Visita guiada,-,Desde la Gente,-,2/1/2014,1
978-950-852-254-2,Las aventuras de Tom Sawyer,"Twain, Mark",Espasa-Calpe,-,11/1/2010,1
978-950-04-2873-6,Obras completas,Jorge Luis Borges,Emecé Editores,-,4/1/2007,1
978-950-808-727-0,Sociedad	,Marga Santolín,Homo Sapiens Ediciones,-,2/1/2013,1
978-950-00-1001-6,Historia y ficción,"Mujica Láinez, Manuel;Scotti, María Angélica, ;otros, ;",Ministerio de Educación de la Nación,-,11/1/2013,1
978-987-550-364-9,Matemática 8,"Díaz, Adriana Laura;Crippa, Ana Lía, ;Agrasar, Mónica;",Longseller,-,1/1/2011,1
978-987-550-362-5,Matemática 9,"Díaz, Adriana Laura;Crippa, Ana Lía, ;Agrasar, Mónica;",Longseller,-,1/1/2011,1
950-01-0360-5,-,-,-,-,-,1
978-987-4424-12-9,Soldadura en atmósfera natural y atmósfera protegida,"Orozco Roldán, Francisco Ramón;López Gálvez, Cristobal;",Jerez Editores,-,9/1/2017,1
950-16-6345-0,-,-,-,-,-,1
978-987-683-541-1,Matemática III : nueva edición,"Chemello, Graciela;Agrasar, Mónica;Crippa, Ana Lía;Díaz, Adriana;",Longseller,-,6/1/2017,1
978-950-701-683-7,Ciencias naturales y tecnología 9,"Cerdeira, Silvia, ;Elsinger, Enrique;",Aique Grupo Editor,-,2/1/2009,1
950-45-0374-2,-,-,-,-,-,1
978-950-00-0997-3,Es parte de la vida,"Meresman, Sergio;",Ministerio de Educación de la Nación,-,8/1/2013,1
978-987-04-0635-8,Memorias de Vladimir,"Suez, Perla;","Aguilar, Altea, Taurus, Alfaguara",-,2/1/2013,1
978-950-515-972-7,Fahrenheit 451,"Bradbury, Ray;",De la Flor,-,1/1/2013,1
978-987-1156-01-6,Intimidad y política,"Sánchez, Mariquita, ;",Adriana Hidalgo Editora,-,5/1/2013,1
978-950-46-3379-2,Carpeta de lengua I,"Kaufman, Guillermo Bruno José;Maidana, Leda S.;Melgar, Analía;Perla, Matías Andrés;Vissani, Guillermo D.;",Santillana,-,5/1/2014,1
978-987-1228-37-9,Urania,"Le Clézio, Jean Marie Gustave;",El Cuenco de Plata,-,4/1/2007,1
950-46-0316-5,-,-,-,-,-,1
950-00-0150-0,-,-,-,-,-,1
978-987-06-0067-1,Ciencias sociales 7,"Blanco, Jorge;otros, ;",Aique Grupo Editor,-,3/1/2011,1
950-13-2938-0,-,-,-,-,-,1
950-13-2477-x,-,-,-,-,-,1
950-692-031-1,-,-,-,-,-,1
950-687-020-9,-,-,-,-,-,1
978-987-576-370-8,Ciencias naturales 9,"Bazán, Marcelo Darío;Nisenholc de Muler, Rebeca;",Tinta Fresca,-,6/1/2010,1
950-13-2559-8,-,-,-,-,-,1
950-02-7575-x,-,-,-,-,-,1
´978-950-534-907-4,-,-,-,-,-,1
978-84-96960-11-4,-,-,-,-,-,1
978-987-1651-26-9,Biología 2,"Adragna, Elena Beatriz, ;Frid, Débora Judith, ;",Estación Mandioca,-,2/1/2011,1
978-950-00-1546-2,"El uso pedagógico de los archivos : reflexiones y propuestas para abordar la historia, la memoria y los Derechos Humanos",Ministerio de Educación,Ministerio de Educación de la Nación,-,12/1/2021,1
978-978-1823-03-1,-,-,-,-,-,1
978-978-9493-55-7,-,-,-,-,-,1
950-534-643-3,-,-,-,-,-,1
978-950-16-6507-9,Geografía de la Argentina,"Durán, Diana;Baxendale, Claudia, ;Pierre, Laura, ;",Troquel,-,1/1/2009,1
978-9072-09-x,-,-,-,-,-,1
950-13-0992-4,-,-,-,-,-,1
978-950-00-0858-7,Geografía,-,Ministerio de Educación de la Nación,-,4/1/2011,1
950-46-0525-7,-,-,-,-,-,1
978-950-01-0896-6,Ciencias naturales 8,"Consoni, Silvia Noemí, ;Venero, Roberto Oscar José, ;Valdés, Estela, ;",Estrada,-,7/1/2009,1
978-84-670-0060-3,-,-,-,-,-,1
978-987-1920-03-7,Runa,"Fogwill, Rodolfo Enrique;",Interzona Editora,-,1/1/2013,1
978-987-1920-02-0,Plop,"Pinedo, Rafael;",Interzona Editora,-,1/1/2013,1
950-21-0993-9,-,-,-,-,-,1
950-526-012-1,-,-,-,-,-,1
978-987-630-208-1,Historias de una literatura,"Benítez, Aníbal;Blanco , Teresita;Ferreyra, Sandra;Feudal, Guillermina;Fraguas, José;Fonsalido, María Elena;Garcia, Mónica;Juárez, Adriana;Labado, Silvia Nora;Labado, Silvia Nora;Llull , Alejandro;Llull , Alejandro;Martínez , ;",Universidad Nacional de General Sarmiento,-,6/1/2015,1
84-411-0003-9,-,-,-,-,-,1
950-525-351-6,-,-,-,-,-,1
978-987-8364-59-9,"Modalidad Técnico Profesional : Técnico-a en Equipos e Instalaciones Electromecánicas, Técnico-a Mecánico-a",Ministerio de Educación de Santa Fe,Ministerio de Educación de la Provincia de Santa Fe,-,7/1/2021,1
978-987-8364-74-5,-,-,-,-,-,1
978-950-00-0743-6,Guía del estudiante de formación docente,"Lombardi, Graciela Susana, ;",Ministerio de Educación de la Nación,-,11/1/2009,1
978-950-08-4182-5,Fábulas,"Boetto, Aldo, ;",Atlántida,-,3/1/2013,1
978-950-00-1033-7,Holocausto y genocidios del siglo XX,,Ministerio de Educación de la Nación,-,-,1
978-987-1801-40-4,Uno y otro,"Wernicke, María;",Calibroscopio,-,3/1/2013,1
950-525-323-0,-,-,-,-,-,1
950-00-0190-x,-,-,-,-,-,1
950-00-0187-x,-,-,-,-,-,1
978-950-01-0867-6,Diccionario escolar Estrada,Anónimo,Estrada,-,11/1/2023,1
84-494-1253-6,-,-,-,-,-,1
978-950-00-1700-8,El camino de la justicia,Ministerio de Educación de la Nación Argentina,Ministerio de Educación de la Nación,-,12/1/2022,1
978-968-6321-28-9,-,-,-,-,-,1
950-753-030-4,-,-,-,-,-,1
978-987-04-1401-8,200 años de poesía argentina,-,"Aguilar, Altea, Taurus, Alfaguara",-,5/1/2010,1
978-987-684-955-5,Aventuras y desventuras de Casiperro del Hambre,"Montes, Graciela Silvia;",Colihue,-,2/1/2013,1
950-46-0314-9,-,-,-,-,-,1
950-46-0301-4,-,-,-,-,-,1
950-9436-05-4,-,-,-,-,-,1
950-562-782-3,-,-,-,-,-,1
950-525-194-7,-,-,-,-,-,1
978-987-97497-9-1,La reforma integral del sistema de justicia militar,"Bernetti, Jorge Luis, ;",Ministerio de Defensa,-,8/1/2009,1
950-737-144-3,-,-,-,-,-,1
950-00-0186-1,Escuelas en transformación,Ministerio de Cultura y Educación,Ministerio de Educación de la Nación,-,11/1/1998,1
978-950-00-1548-6,Los sitios de memoria como desafío pedagógico,Ministerio de Educación,Ministerio de Educación de la Nación,-,12/1/2021,1
978-987-45454-0-4,Argentino hasta la muerte,-,Aitué Chilcan Ediciones,-,00/0000,1
950-534-642-5,-,-,-,-,-,1
978-987-547-721-6,Logonautas lengua y prácticas del lenguaje 1,"Capeluto, Elías;Nieto, Facundo;Fraguas, José;Cassano, Mirta;Pereira, Paola;",Puerto de Palos,-,5/1/2015,1
978-987-1151-93-6,Aprendamos lengua 8,"Delgado, Myriam;Ferrero de Ellena, Isabel, ;",Comunic-Arte,-,2/1/2006,1
950-13-2571-7,-,-,-,-,-,1
950-46-0218-5,-,-,-,-,-,1
968-16-2241-3,-,-,-,-,-,1
950-525-204-8,-,-,-,-,-,1
950-46-0305-x,-,-,-,-,-,1
978-950-00-0998-0,Pensar la democracia,"Adamoli, María Celeste;Flachsland, Cecilia;Rosemberg, Violeta;",Ministerio de Educación de la Nación,-,1/1/2014,1
978-950-00-0899-0,Estrategia político pedagógica y marco normativo del Programa Conectar Igualdad,"Grebnicoff, Daniela;",Ministerio de Educación de la Nación,-,9/1/2011,1
950-678-031-4,-,-,-,-,-,1
978-987-1291-15-5,-,-,-,-,-,1
978-950-00-0861-7,Historia,-,Ministerio de Educación de la Nación,-,3/1/2011,1
978-950--515-973-4,-,-,-,-,-,1
978-987-672-179-0,Lucila se llama Gabriela,"Montecino Aguirre, Sonia;",Macmillan,-,12/1/2012,1
0-521-31028-8,-,-,-,-,-,1
0-521-31028-6,-,-,-,-,-,1
0-521-27865-1,-,-,-,-,-,1
950-13-2041-3,-,-,-,-,-,1
978-987-550-754-8,Otra vuelta de tuerca,"James, Henry;",Longseller,-,11/1/2010,1
950-02-7266-0,-,-,-,-,-,1
950-02-7314-4,-,-,-,-,-,1
978-987-1923-83-0,Poesía completa,"Orozco, Olga, ;",Adriana Hidalgo Editora,-,8/1/2014,1
950-9436-11-9,-,-,-,-,-,1
950-13-2517-6,-,-,-,-,-,1
978-987-26418-3-2,Mac Beth,"Shakespeare, William;",Talleres Gráficos Del SRL,-,12/1/2010,1
950-9095-80-x,-,-,-,-,-,1
950-02-7319-5,-,-,-,-,-,1
978-950-852-251-1,El lazarillo de Tormes,Anónimo,Espasa-Calpe,-,11/1/2010,1
978-950-46-1535-432,-,-,-,-,-,1
978-987-21651-5-4,Una historia de la lechería argentina,"Gómez, Fernando;Zubizarreta, Ignacio;",Inforcampo,-,12/1/2012,1
978-987-97535-4-5,Fuerzas Armadas Argentinas 1810-2010,-,Sessa Editores,-,4/1/2011,1
978-987-06-0228-6,Cuentos escogidos,"Quiroga, Horacio;",Aique Grupo Editor,-,9/1/2009,1
978-987-566-100-4,Misteriosa Buenos Aires,"Mujica Láinez, Manuel;",Debolsillo,-,1/1/2012,1
978-950-05-3317-1,La hora de la estrella,"Lispector, Clarice;",Corregidor,-,5/1/2021,1
978-987-9334-59-1,"Hombre que creía en la luna, El","Valentino, Esteban;",Grupo Editorial Norma,-,4/1/2000,1
978-987-8413-35-8,Me acuerdo,"Kohan, Martín;",EGodot Argentina,-,3/1/2021,1
978-950-00-1099-3,Retratos de la educación argentina,-,Ministerio de Educación de la Nación,-,6/1/2015,1
978-987-684-972-2,La mano del muerto,"Lalia, Horacio;",Colihue,-,1/1/2013,1
978-987-1772-48-3,Las hortensias y otros relatos,"Hernández, Felisberto;",El Cuenco de Plata,-,1/1/2013,1
950-9831-01-8,Guías de estudio e investigación,"Layerenza, Angel Alberto, ;",Métodos,-,1/1/1987,1
978-987-29010-6-6,La cruzada de los niños,-,El Libro de Arena,-,2/1/2014,1
84-279-6643-1,-,-,-,-,-,1
978-987-684-962-3,Vera historia de Indias,"Oski, ;",Colihue,-,2/1/2013,1
978-987-26301-1-9,Signos santafesinos en el Bicentenario,"Macor, Darío, ;Darío Barriera, ;Tarragó, Griselda;Bonaudo, Marta, ;Bonaudo, Marta, ;Adrián Ascolani, ;Frid, Carina;Alicia Castagna, ;Piazzesi, Susana;",Espacio Santafesino Ediciones,-,12/1/2011,1
0-582-74885-2,-,-,-,-,-,1
978-987-1291-15-1,Juglar hoy I,"Filippini, María Julia, ;Mariscal, María Irene, ;",Vicens Vives Argentina,-,1/1/2009,1
84-7888-234-0,-,-,-,-,-,1
f2-278-05751-0,-,-,-,-,-,1
978-987-9226-33-9,Telón de cielo,"Castilla, Gabriel;",Del Cronopio Azul,-,6/1/2021,1
978-987-612-249-8,Acordes cotidianos,"Benedetti, Mario;",V&R,-,1/1/2013,1
950-9051-66-7,-,-,-,-,-,1
978-84-667-6505-3,-,-,-,-,-,1
987-1081-72-3,-,-,-,-,-,1
978-987-4424-14-3,Análisis de mecanismos,"Sanmiguel Rojas, Enrique;Hidalgo Martínez, Manuel;",Jerez Editores,-,9/1/2017,1
987-545-037-5,-,-,-,-,-,1
978-987-4424-11-2,Mecanizado básico para la electromecánica,"Águeda Casado, Eduardo;Gómez Morales, Tomás;Navarro, José Martín;García Jimenez, José Luis;",Jerez Editores,-,9/1/2017,1
978-987-1871-49-0,Materiales plásticos,"Rubin, Irvin;",Nueva Librería,-,8/1/2017,1
978-987-3967-54-2,Cuando estamos juntas,"Wernicke, María;",Calibroscopio,-,4/1/2021,1
978-84-667-1743-4,-,-,-,-,-,1
978-84-376-2390-0,-,-,-,-,-,1
950-553-028-5,-,-,-,-,-,1
978-987-642-974-0,Lengua y Literatura III : Prácticas del lenguaje,"Agazzi, Tamara ;Rovatti, Daniela;Stegmayer, María Inés ;Vila, Ezequiel;Basset, Ivana;Basset, Ivana;Vila, Ezequiel;Tavella, Guadalupe;Stegmayer, Mar;S, Laura V.;Rovatti, Daniela;Klappenbach, Pablo;Franco, Emmanuel;Carranza, Fernando;Agazzi, Tamara;",Edelvives,-,2/1/2022,1
978-987-4424-15-0,Termodinámica técnica,"Juárez Castelló, Manuel Celso;Morales Ortíz, María Pilar;",Jerez Editores,-,9/1/2017,1
978-987-684-969-2,El inspector justo y otras historias,Sanyú;,Colihue,-,1/1/2013,1
978-987-684-971-5,Polenta con pajaritos,"El Tomi, ;",Colihue,-,1/1/2013,1
978-950-515-316-9,Toda Mafalda,"Quino;Argentina. Ministerio de Educación, Ciencia y Tecnología de la Nación",De la Flor,-,12/1/2010,1
978-950-515-315-317-6,-,-,-,-,-,1
978-987-684-961-6,Mort Cinder,"Oesterheld, Héctor Germán, ;",Colihue,-,2/1/2013,1
950-9000-03-5,-,-,-,-,-,1
978-987-8364-32-2,Técnico/a mecánico y Técnico/a en equipos e instalaciones electromecánicas,Ministerio de Educación de la Provincia de Santa Fe,Ministerio de Educación de la Provincia de Santa Fe,-,8/1/2021,1
950-701-019-x,-,-,-,-,-,1
950-04-0283-1,-,-,-,-,-,1
950-562-288-0,-,-,-,-,-,1
0582-09831-9,-,-,-,-,-,1
978-887-1869-18-3,-,-,-,-,-,1
0-19-453705-6,-,-,-,-,-,1
978-987-9493-81-6,Historia VI,"Eggers-Brass, Teresa;",Maipue,-,4/1/2012,1
950-00-0216-7,-,-,-,-,-,1
950-00-01234-9,-,-,-,-,-,1
978-987-693-048-2,"Carlino, poemas : 50 años con la poesía, selección 1958-2008","Carlino, Alfredo;",Fundación CICCUS,-,9/1/2014,1
978-987-26418-4-9,Hamlet,"Shakespeare, William;",Talleres Gráficos Del SRL,-,12/1/2010,1
978-987-8371-20-2,-,-,-,-,-,1
24937-1970,-,-,-,-,-,1
978-950-860-268-8,Los poetas de Mascaró,,Desde la Gente,-,2/1/2014,1
978-958-45-0248-3,-,-,-,-,-,1
978-987-47948-1-9,El idioma materno,"Morabito, Fabio;",Como Gog y Magog Ediciones,-,3/1/2021,1
987-545-092-8,-,-,-,-,-,1
978-950-9749-47-4,El mármol,"Aira, César;",La Bestia Equilátera,-,4/1/2021,1
978-950-515-976-5,Martín Fierro,"Hernández, José;",De la Flor,-,1/1/2013,1
978-987-25356-6-7,Colección debates parlamentarios de la defensa,"Garré, Nilda Celia;Bernetti, Jorge;Simons Rossi, Mónica;",Ministerio de Defensa,-,8/1/2010,1
978-950-46-2354-0,Historia,"Andujar, Andrea;Grammático, Karin;Morichetti, María;Vissani, Victoria M.;Wahren, Cecilia;",Santillana,-,3/1/2014,1
978-987-9493-55-7,Historia II,"Eggers-Brass, Teresa;Gallego, Marisa, ;",Maipue,-,11/1/2009,1
978-950-13-1169-3,"Una historia para pensar, moderna y contemporánea","Rizzi, Analía;Raiter, Bárbara;",Kapelusz,-,4/1/2015,1
950-9029-19-x,-,-,-,-,-,1
978-987-699-156-8,Mi bella tenebrosa.,-,Eduvim,-,-,1
84-8063-262-3,-,-,-,-,-,1
978-950-00-0742-9,La química de los alimentos,"Rembado, Florencia Mabel;Sceni, Paula;",Ministerio de Educación de la Nación,-,11/2009,1
978-950-00-0758-0,Funciones elementales para construir modelos matemáticos,"Bocco, Mónica, ;",Ministerio de Educación de la Nación,-,03/2010,1
978-950-00-0723-8,Entropía,"Calzetta, Esteban;",Ministerio de Educación de la Nación,-,08/2009,1
978-950-00-0875-4,El modelo 1 a 1,"Lugo, María Teresa, ;Kelly, Valeria;",Ministerio de Educación de la Nación,-,07/2011,1
978-950-00-0704-7,Ríos de vida,"Tortorelli, María del Carmen;",Ministerio de Educación de la Nación,-,07/2009,1
978-950-00-0709-2,Cosmología,"Gangui, Alejandro;",Ministerio de Educación de la Nación,-,07/2009,1
978-950-00-0724-5,Las geometrías,"Pinasco, Juan Pablo;otros, ;",Ministerio de Educación de la Nación,-,08/2009,1
978-978-8909-27-1,-,-,-,-,-,1
978-019-4376-60-0,-,-,-,-,-,1
950-46-0505-2,-,-,-,-,-,1
950-810-0273-3,-,-,-,-,-,1
950-13-0884-7,-,-,-,-,-,1
950-771-047-7,-,-,-,-,-,1
950-525-020-7,-,-,-,-,-,1
978-987-576-360-8,-,-,-,-,-,1
978-950-46-1899-7,Ciencias naturales 9,"Franco, Ricardo, ;Frid, Débora Judith, ;Iglesias, María Cristina;López de Riccardini, Silvia;Taddei, Federico P., ;Glejzer, Claudio E.;Sargorodschi, Ana C. E.;Godoy, Elina I.;",Santillana,-,12/2009,1
978-950-40-02606-2,-,-,-,-,-,1
978-84-376-0677-4,-,-,-,-,-,1
978-987-684-855-8,Una salva de porvenir,"Fernández Retamar,  Roberto;",Colihue 987-684,-,08/2014,1
978-950-515-977-2,"Perramus, diente por diente","Alberto Breccia, ;Juan Sasturain, ;",De la Flor,-,01/2013,1
978-978-684-957-9,-,-,-,-,-,1
978-950-01-0902-4,Lengua 9,"Forero, María Teresa;Cano, María Fernanda, ;Otañi, Isabel Gladys, ;",Estrada,-,07/2009,1
978-987-1580-29-3,La línea,"Doumerc, Beatriz;Barnes, Ayax;",Del Eclipse,-,01/2013,1
978-950-46-1899-7,Ciencias naturales 9,"Franco, Ricardo, ;Frid, Débora Judith, ;Iglesias, María Cristina;López de Riccardini, Silvia;Taddei, Federico P., ;Glejzer, Claudio E.;Sargorodschi, Ana C. E.;Godoy, Elina I.;",Santillana,-,12/2009,1
978-950-03-0253-1,Antología esencial,"Neruda, Pablo, ;",Losada,-,10/2010,1
978-987-06-0220-0,Las fuerzas extrañas,"Lugones, Leopoldo;",Aique Grupo Editor,-,09/2009,1
978-987-1374-09-0,Candombe. Fiebre de carnaval,"Bianki, Diego;",Pequeño Editor,-,02/2013,1
978-987-8388-40-3,Mujeres viajeras,"Beck-Bernard,  Lina;Dixie,  Florence,;Elflein,  Ada María;Manso,  Juana;Mansilla,  Eduarda;Dreier,  Katherine;Rouco Buela,  Juana;",Adriana Hidalgo Editora,-,03/2021,1
978-987-629-562-8,Vagamundo,"Galeano,  Eduardo;",Siglo XXI Editores Argentina,-,09/2015,1
978-987-629-511-6,Las venas abiertas de América Latina,"Galeano,  Eduardo;",Siglo XXI Editores Argentina,-,05/2015,1
978-950-04-3749-3,En vida,"Conti,  Haroldo;",Emecé Editores,-,08/2015,1
978-987-629-558-1,La canción de nosotros,"Galeano,  Eduardo;",Siglo XXI Editores Argentina,-,09/2015,1
978-950-04-3748-6,Sudeste,"Conti,  Haroldo;",Emecé Editores,-,08/2015,1
978-950-00-0796-2,La estática en la vida cotidiana,"Noceti, Haydeé Blanca;Ibañez, Susana Noemí;Avancini Noceti, Sol;",Ministerio de Educación de la Nación,-,08/2010,1
978-950-00-0713-9,Estadística para todos,"Kelmansky, Diana;",Ministerio de Educación de la Nación,-,08/2009,1
978-950-04-3747-9,La balada del álamo Carolina,"Conti,  Haroldo;",Emecé Editores,-,08/2015,1
978-987-629-559-8,Días y noches de amor y de guerra,"Galeano,  Eduardo;",Siglo XXI Editores Argentina,-,09/2015,1
978-987-629-561-1,Memoria del fuego 1,"Galeano,  Eduardo;",Siglo XXI Editores Argentina,-,09/2015,1
978-950-04.3751-6,-,-,-,-,-,1
978-987-629-564-2,Memoria del fuego 2,"Galeano,  Eduardo;",Siglo XXI Editores Argentina,-,09/2015,1
978-987-629-565-9,Memoria del fuego 3,"Galeano,  Eduardo;",Siglo XXI Editores Argentina,-,10/2015,1
978-950-04--3746-2,-,-,-,-,-,1
978-987-629-509-3,El libro de los abrazos,"Galeano,  Eduardo;",Siglo XXI Editores Argentina,-,04/2015,1
978-987-629-566-6,Ser como ellos,"Galeano,  Eduardo;",Siglo XXI Editores Argentina,-,10/2015,1
978-987-629-353-2,Historia social del fútbol,"Frydenberg, Julio, ;",Siglo XXI Editores Argentina,-,12/2013,1
950-819-011-6,Ariana,,Sudamérica-Santa Fe,-,07/1995,1
950-557-252-2,-,-,-,-,-,1
978-987-629-563-5,Las palabras andantes,"Galeano,  Eduardo;",Siglo XXI Editores Argentina,-,09/2015,1
978-987-629-475-1,El fútbol a sol y sombra,"Galeano,  Eduardo;",Siglo XXI Editores Argentina,-,10/2014,1
978-987-629-510-9,Patas arriba,"Galeano,  Eduardo;",Siglo XXI Editores Argentina,-,05/2015,1
978-987-629-557-4,Bocas del tiempo,"Galeano,  Eduardo;",Siglo XXI Editores Argentina,-,09/2015,1
978-987-629-551-2,Espejos,"Galeano,  Eduardo;",Siglo XXI Editores Argentina,-,06/2015,1
978-987-629-560-4,Los hijos de los días,"Galeano,  Eduardo;",Siglo XXI Editores Argentina,-,06/2015,1
978-987-629-586-4,Las aventuras de los jóvenes dioses,"Galeano,  Eduardo;",Siglo XXI Editores Argentina,-,08/2015,1
978-84-283-2163-1,-,-,-,-,-,1
968-444-327-7,-,-,-,-,-,1
978-84-283-2911-8,-,-,-,-,-,1
0-435-28476-2,-,-,-,-,-,1
950-701-566-3,Aprendizaje cooperativo,"Slavin, Robert E., ;",Aique Grupo Editor,-,03/1999,1
968-18-1720-6,-,-,-,-,-,1
950-02-5201-5,-,-,-,-,-,1
950-0012-57-15,-,-,-,-,-,1
82-291-4313-0,-,-,-,-,-,1
978-950-23-1051-0,Seis estudios sobre genocidio,"Feierstein, Daniel;",Eudeba,-,03/2007,1
968-444-437-0,-,-,-,-,-,1
84-499-3346-3,-,-,-,-,-,1
978-950-00-0795-5,"Energía, su relevancia en mecánica termodinámica, átomos, agujeros negro y cosmología","Moreschi, Osvaldo, ;",Ministerio de Educación de la Nación,-,08/2010,1
978-950-23-0812-8,La dictadura,"Garulli, Liliana, ;Charlier, Noemí, ;Caraballo, Liliana Mónica, ;",Eudeba,-,03/2007,1
84-9372-425-0,-,-,-,-,-,1
978-970-10-6111-4,-,-,-,-,-,1
978-970-10-5638-7,-,-,-,-,-,1
84-85840-58-5,-,-,-,-,-,1
970-10-4893-8(mexico),-,-,-,-,-,1
0-7641-1214-7(mexico),-,-,-,-,-,1
950-43-2894-6,-,-,-,-,-,1
950-687-022-5,"Enseñanza de las ciencias asistidas por medios informáticos, La","Bosch, Horacio Ernesto;",Prociencia,-,02/1996,1
84-494-0907-1,-,-,-,-,-,1
950-687-022-5,"Enseñanza de las ciencias asistidas por medios informáticos, La","Bosch, Horacio Ernesto;",Prociencia,-,02/1996,1
970-15-1110-7,-,-,-,-,-,1
970-15-1109-3,-,-,-,-,-,1
84-86424-63-1,-,-,-,-,-,1
970-10-4889-x,-,-,-,-,-,1
84-7978-743-0,-,-,-,-,-,1
968-444-327-7(mexico),-,-,-,-,-,1
987-43-1870-8,-,-,-,-,-,1
950-9119-20-2,-,-,-,-,-,1
950-026-060,-,-,-,-,-,1
84-283-2768-8,-,-,-,-,-,1
84-03-20138-9,-,-,-,-,-,1
978-84-283-2911-8,-,-,-,-,-,1
958-95433-2-4 (colombia),-,-,-,-,-,1
950-852-173-2,-,-,-,-,-,1
84-329-3410-0,-,-,-,-,-,1
84-494-1249-8,-,-,-,-,-,1
970-686-361-3,-,-,-,-,-,1
968-26-1037-0,-,-,-,-,-,1
84-291-4313-0,-,-,-,-,-,1
978-970-10-5611-0,-,-,-,-,-,1
84-481-3787-6,-,-,-,-,-,1
84-481-3786-8,-,-,-,-,-,1
84-481-3787-6,-,-,-,-,-,1
970-26-0672-1,-,-,-,-,-,1
970-10-4893-8,-,-,-,-,-,1
970-686-377-x,-,-,-,-,-,1
970-15-1108-5,-,-,-,-,-,1
970-26-0511-3,-,-,-,-,-,1
978-970-24-0257-2,-,-,-,-,-,1
978-970-24-0326-5,-,-,-,-,-,1
970-15-1108-5,-,-,-,-,-,1
970-15-1109-3,-,-,-,-,-,1
970-15-1110-7,-,-,-,-,-,1
950-9095-19-2,-,-,-,-,-,1
84-499-3346-3,-,-,-,-,-,1
84-481-3786-8,-,-,-,-,-,1
978-950-9267-13-8,Sitio Ramsar Jaaukanigás,"Giraudo, Alejandro Raúl, ;Paggi, Juan César ;Arzamendia, Vanesa;Cordiviola, Elly;Pensiero, José Francisco;Chilcano, Clara ;Navanquirí, Ariel;Nilda, Raffin;Ganchier, Ana Rosa;Romero, Andrés;Luisoni, Luis;Rossi, Liliana, ;Rozzatti, Juan Carlos, ;Guanca, Elsa;del Barco, Daniel M.;Moggia, Liliana;Echegoy, Carlos;Padín, Oscar, ;Sverlij, Sara ;Benzaquen, Laura ;Guillermo, Lingua;Lorenzatti, Eduardo A.;Paniagua, Luis;Paniagua, Orlando;Ramírez, Pablo; Vazquez, Rufino;Pérez, Ruperto;Ponciano, Samuel; Fernandez, Inés;Matteucci, Silvia Diana, ;Cena, Oscar ;Chemes, Silvina;Hug, Orlando Héctor ;",Asoc. Ciencias Naturales del Litoral,-,01/2007,1
950-00-0237-x,-,-,-,-,-,1
950-00-0194-2,-,-,-,-,-,1
950-00-0136-5,-,-,-,-,-,1
978-950-9267--13.8,-,-,-,-,-,1
789-950-13-0933-1,-,-,-,-,-,1
978-987-06-0071-8,Historia del mundo moderno y la América colonial,"Enrique Vázquez, ;María Ernestina Alonso, ;Soletic , María Angeles;",Aique Grupo Editor,-,02/2009,1
978-1081-74-x,-,-,-,-,-,1
978-987-684-966-1,El gozante,"Castilla, Manuel J.;",Colihue,-,01/2013,1
950-13-2383-8,-,-,-,-,-,1
978-950-46-1863-8,Matemática II,"Berman, Andrea;Dacunti, Daniel;Pérez, Martín;Veltri, Ana Verónica;",Santillana,-,01/2011,1
950-13-2382-X,-,-,-,-,-,1
950-701-682-1,-,-,-,-,-,1
978-987-550-606-0,Las mil y una noches,-,Longseller,-,12/2011,1
978-987-550-605-3,Las mil y una noches,-,Longseller,-,12/2011,1
978-987-550-604-6,Las mil y una noches,-,Longseller,-,12/2011,1
978-987-550-603-9,Las mil y una noches,-,Longseller,-,12/2011,1
978--987-9493-55-7,-,-,-,-,-,1
978-987-25956-9-2,Educación vial,,Agencia Nacional de Seguridad Vial,-,11/2011,1
978-950-01-0450-0,Matemática 3 ES Confluencias,"Abdala,  Carlos;Chorny,  Fernando;Lanza,  Pierina;Valeria Machiunas, ;Salpeter,  Claudio;",Estrada,-,05/2015,1
978-950-13-1175-4,Lengua y literatura L8  100 años,"Pereira,  Paola;Todero,  Patricia Fernanda;Sosa,  Catalina;",Kapelusz,-,04/2015,1
978-987-1026-35-7,Un cuarto propio,"Woolf,  Virginia;",Ministerio de Educación de la Provincia de Santa Fe,-,04/2018,1
978-950-01-0450-0,Matemática 3 ES Confluencias,"Abdala,  Carlos;Chorny,  Fernando;Lanza,  Pierina;Valeria Machiunas, ;Salpeter,  Claudio;",Estrada,-,05/2015,1
978-950-630-208-1,-,-,-,-,-,1
950-701-657-0,-,-,-,-,-,1
950-46-1243-1,-,-,-,-,-,1
978-987-683-454-4,Pensar la lengua y la literatura 5,"Gentile,  Angela;Balverde,  Gerardo;Maldonado,  Laura;",Longseller,-,05/2015,1
84-7555-382-6,-,-,-,-,-,1
978-950-46-1899-7,Ciencias naturales 9,"Franco, Ricardo, ;Frid, Débora Judith, ;Iglesias, María Cristina;López de Riccardini, Silvia;Taddei, Federico P., ;Glejzer, Claudio E.;Sargorodschi, Ana C. E.;Godoy, Elina I.;",Santillana,-,12/2009,1
950-01-0677-9,-,-,-,-,-,1
978-987-573-238-4,Biología,"Carreras, Norma Haydée, ;Caretti, Magdalena;Bekinschtein, Pedro;",SM,-,12/2008,1
987-978-1871-49-0,-,-,-,-,-,1
970-26-0795-7,-,-,-,-,-,1
978-987-8461-84-7,Matemática 1,"Reyna, Juliana;Tuffilaro, Dar;Ayarza, Mercedes;",Maipue,-,02/2023,1
9978-987-683-451-3,-,-,-,-,-,1
978-987-683-540-4,Matemática II : nueva edición,"Chemello,  Graciela;Agrasar,  Mónica;Crippa,  Ana Lía;Díaz,  Adriana;",Longseller,-,06/2017,1
0325-352x,-,-,-,-,-,1
978-987-683-.541-1,-,-,-,-,-,1
978-987-35-0070-1,Matemática 1,"De Simone, Irene;Turner, Margarita;",AZ,-,12/2012,1
978-950-46-1886-7,Matemática III,"Righetti, Gabriela;Piñeiro, Gustavo Ernesto;Pérez, Martín Miguel;Moledo, Pablo Leonardo;",Santillana,-,01/2011,1
978-950-01-0456-2,Matemática 5 ES huellas,"Chorny,  Fernando;Salpeter,  Claudio;Majic,  Eliana E.;",Estrada,-,05/2015,1
978-950-46-1886-7,Matemática III,"Righetti, Gabriela;Piñeiro, Gustavo Ernesto;Pérez, Martín Miguel;Moledo, Pablo Leonardo;",Santillana,-,01/2011,1
84-376-1403-1,-,-,-,-,-,1
978-987-573-238-4,Biología,"Carreras, Norma Haydée, ;Caretti, Magdalena;Bekinschtein, Pedro;",SM,-,12/2008,1
978-987-683-454-4,Pensar la lengua y la literatura 5,"Gentile,  Angela;Balverde,  Gerardo;Maldonado,  Laura;",Longseller,-,05/2015,1
950-13-2382-x,-,-,-,-,-,1
950-687-000-4,-,-,-,-,-,1
978-987-25956-9-2,Educación vial,-,Agencia Nacional de Seguridad Vial,-,11/2011,1
950-692-004-4,-,-,-,-,-,1
978-950-01-0855-9,-,-,-,-,-,1
950-000-0099-7,-,-,-,-,-,1
950-00-02115-9,-,-,-,-,-,1
950-00-0099-7,-,-,-,-,-,1
950-00-0099-7,-,-,-,-,-,1
950-00-0159-4,-,-,-,-,-,1
64-7555-382-6,-,-,-,-,-,1
-,Centrales y Estaciones Eléctricas,Oscar Jacinto Arca,Científica Universitaria,-,-,1
-,Elementos y Equipos Eléctricos,-,Alejandría,-,-,1
-,Dream Team - Student's Book,"Norman Whitney, Diana Pye",-,Inglés,-,1
-,Organización Industrial,Varios,Científica Universitaria,-,-,1
-,Matemática 8,-,Santillana,Matemática,-,1
-,Enciclopedia Temática 40-49 Ciencias Sociales II,Roger Caratini,Argos,Ciencias Sociales,-,1
-,Enciclopedia Temática 58 Botánica,Roger Caratini,Argos,-,-,1
-,Enciclopedia Temática 63-69 Técnicas y Oficios,Roger Caratini,Argos,-,-,1
-,Guantex - Seguridad Industrial,-,-,Seguridad,-,1
-,Geografía - Primer Año,-,-,Geografía,-,1
-,Matemática 1 Moderna,Antonio Roberto Lopez,Stella,Matemática,-,1
-,Matemática 2 Moderna,Antonio Roberto Lopez,Stella,Matemática,-,1
-,Technical 1A,David Bonamy,Pearson Longman,Inglés,-,1
-,Matemática Activa 1 - Ciclo Básico,Jose Rafael Saul,PLUS ULTRA,Matemática,-,1
-,Selecciones del Reader´s Digest - Diciembre 1974,-,Reader´s Digest,-,-,1
-,Selecciones del Reader´s Digest - Enero 1975,-,Reader´s Digest,-,-,1
-,Selecciones del Reader´s Digest - Marzo 1975,-,Reader´s Digest,-,-,1
-,Selecciones del Reader´s Digest - Julio 1975,-,Reader´s Digest,-,-,1
-,Selecciones del Reader´s Digest - Agosto 1975,-,Reader´s Digest,-,-,1
-,Selecciones del Reader´s Digest - Octubre 1975,-,Reader´s Digest,-,-,1
-,Selecciones del Reader´s Digest - Diciembre 1977,-,Reader´s Digest,-,-,1
-,Selecciones del Reader´s Digest - Abril 1978,-,Reader´s Digest,-,-,1
-,Selecciones del Reader´s Digest - Noviembre 1978,-,Reader´s Digest,-,-,1
-,Selecciones del Reader´s Digest - Julio 1979,-,Reader´s Digest,-,-,1
-,Selecciones del Reader´s Digest - Agosto 1979,-,Reader´s Digest,-,-,1
-,Selecciones del Reader´s Digest -  Noviembre 1979,-,Reader´s Digest,-,-,1
-,Selecciones del Reader´s Digest - Febrero 1980,-,Reader´s Digest,-,-,1
-,Selecciones del Reader´s Digest - Septiembre 1980,-,Reader´s Digest,-,-,1
-,Selecciones del Reader´s Digest - Octubre 1980,-,Reader´s Digest,-,-,1
-,Selecciones del Reader´s Digest - Noviembre 1980,-,Reader´s Digest,-,-,1
-,Selecciones del Reader´s Digest - Enero 1981,-,Reader´s Digest,-,-,1
-,Selecciones del Reader´s Digest - Marzo 1987,-,Reader´s Digest,-,-,1
-,Los Crímenes de la Calle Morgue,Edgar Allan Poe,Plan Nacional de Lectura,-,-,1
-,Lecturas para Estudiantes - Leer X Leer N°1,-,Plan Nacional de Lectura,-,-,1
-,Lecturas para Estudiantes - Leer X Leer N°2,-,Plan Nacional de Lectura,-,-,1
-,Lecturas para Estudiantes - Leer X Leer N°3,-,Plan Nacional de Lectura,-,-,1
-,Lecturas para Estudiantes - Leer X Leer N°4,-,Plan Nacional de Lectura,-,-,1
-,Lecturas para Estudiantes - Leer X Leer N°5,-,Plan Nacional de Lectura,-,-,1
-,Victor - English Method - 2,Institut Video Languages,-,-,-,1
-,Victor - English Method - 3,Institut Video Languages,-,-,-,1
-,Curso Completo de AutoCAD 14,-,Ñ Ediciones SRL,-,-,1
-,Proponer y Dialogar,-,Ministerio de Educación,-,-,1
-,Palabras Escritas Para Vos,Ministerio De Educación,Plan Nacional de Lectura,-,-,1
-,Geografía de Europa y Oceanía,Elsa Insogna,Ängel Estrada,-,-,1
-,La matematica - Teoría de La Enseñanza,Ricardo Bruera,Matemática S.A.,-,-,1
-,Cuentos para seguir creciendo - rosado,-,Plan Nacional de Lectura,-,-,1
-,Cuentos para seguir creciendo - azul,-,Plan Nacional de Lectura,-,-,1
-,Dibujo Técnico - Metal 1 - Curso Superior,-,GTZ,Dibujo Técnico,-,1
-,Dibujo Técnico - Metal 2 - Curso Superior,-,-,-,-,1
-,Los Territorios Del Mundo,Alcides J. Papaleo,Alpa Sima,Geografía,-,1
-,Matemáticas Bachillerato 3,Miguel de Guzmán,Anaya,Matemática,-,1
-,Prácticas de lectura y escritura,Ministerio de Educación,-,-,-,1
-,Vademecum del Docente,-,-,-,-,1
-,Geometria 1 - Enfoque Moderno,Tajani - Vallejo,CESARINI Hnos.,Matemática,-,1
-,Matemática 2 - Equipo de Actividades,Nelly Vázquez de Tapia,Estrada,Matemática,-,1
-,Matemática 1,Ana Maria BOGANI,Plus Ultra,Matemática,-,1
-,Geometría métrica con CABRI-GÉOMÉTRE,-,Gobierno de Santa Fe,Matemática,-,1
-,Dinámicas para la prevención del VIH/Sida y ETS,-,Ministerio de Salud,Educación Sexual,-,1
-,Manual para desmotadoras de algodón,-,GAGLIANONE S.A.,-,-,1
-,Guía Federal de Orientaciones,-,Ministerio de Educación,-,-,1
-,Matemática 8 - Alumno,G. Chemello,Ministerio de Educación,Matemática,-,1
-,Técnica de Lubricación,-,Kluber Lubrication,-,-,1
-,Aplicación de la Ley Nacional de Higiene,-,Instituto Argentino de seguridad,-,-,1
-,Matemática para Ingenieros - Tomo III,Francisco Vera,Ediar de Ingenieria,Matemática,-,1
-,Tabla de logaritmos,C. Bremiker,"Gustavo Gili, S.A.",Matemática,-,1
-,El libro de lectura del bicentenario - Secundaria 1,-,Ministerio de Educación,-,-,1
-,El libro de lectura del bicentenario - Secundaria 2,-,Ministerio de Educación,-,-,1
-,"Ayer, Hoy y Mañana - N°1",-,LA RAZON,-,-,1
-,"Ayer, Hoy y Mañana - N°28",-,LA RAZON,-,-,1
-,Atlas Geografico de la Republica Argentina,-,Ministerio de Educación,Geografía,-,1
-,El deber de seguridad en la ley de contrato..,-,Depalma,Leyes,-,1
-,Física Elemental,A. P. Maiztegui,Kapelusz,Física,-,1
-,Pensar Malvinas,-,Ministerio de Educación,-,-,1
-,Historia de dos continentes (siglos XIV-XIX),Carlos Mora,a-z editora,Historia,-,1
-,Ciencias Sociales 9,Patricia A. Garcia,Santillana,Ciencias Sociales,-,1
-,New Mechanical Topics,Gabriella Bernardini,Hoepli,-,-,1
-,Technical Dictionary,Guy Malgorn,Paraninfo,Inglés,-,1
-,Snapshot Starter Language Booster,-,Startford Book Services,Inglés,-,1
-,Ingenieria Eléctrica - Año 20 - N°216,-,Editores SRL,-,-,1
-,Distribución de la Energía Eléctrica,-,Científica Universitaria,-,-,1
-,Las fuerzas extrañas,Leopoldo Lugones,Ministerio de Educación,-,-,1
-,El simbolismo en la obra de Leopoldo Marechal,Julio Forcat,Culturales Santafesinas,-,-,1
-,Geografía: América y Republica Argentina,Floreal Rossi,Stella,Geografía,-,1
-,Transporte de la Energía Eléctrica,Dallaverde,Científica Universitaria,-,-,1
-,Formación Ëtica y Ciudadana 8,Alicia Fernandez,Kapelusz,-,-,1
-,Recomendaciones Metodológicas - C. Sociales,-,Ministerio de Educación,-,-,1
-,Motores Czerweny Potencia y Confiabilidad,-,Scheider Electric,-,-,1
-,Don segundo sombra,-,,-,-,1
-,Motores Tri-fasicos,-,Motores CZERWENY S.A.,-,-,1
-,Lista de precios julio 2007,-,Motores CZERWENY S.A.,-,-,1
-,low-voltage MOTORS,-,SIEMENS,-,-,1
-,La mejor broca que jamás habíamos fabricado,Varios,Sandvik Coromant,-,-,1
-,Biblioteca de Oro del Estudiante N°2,Varios,Producciones Garcia Ferre,-,-,1
-,Biblioteca de Oro del Estudiante N°3,Varios,Producciones Garcia Ferre,-,-,1
-,Biblioteca de Oro del Estudiante N°5,Varios,Producciones Garcia Ferre,-,-,1
-,Biblioteca de Oro del Estudiante N°6,Varios,Producciones Garcia Ferre,-,-,1
-,Biblioteca de Oro del Estudiante N°7,Varios,Producciones Garcia Ferre,-,-,1
-,Biblioteca de Oro del Estudiante N°8,Varios,Producciones Garcia Ferre,-,-,1
-,Biblioteca de Oro del Estudiante N°10,Varios,Producciones Garcia Ferre,-,-,1
-,Biblioteca de Oro del Estudiante N°11,Varios,Producciones Garcia Ferre,-,-,1
-,Biblioteca de Oro del Estudiante N°12,Varios,Producciones Garcia Ferre,-,-,1
-,Biblioteca de Oro del Estudiante N°13,Varios,Producciones Garcia Ferre,-,-,1
-,Biblioteca de Oro del Estudiante N°14,Varios,Producciones Garcia Ferre,-,-,1
-,Biblioteca de Oro del Estudiante N°15,Varios,Producciones Garcia Ferre,-,-,1
-,Biblioteca de Oro del Estudiante N°16,Varios,Producciones Garcia Ferre,-,-,1
-,Biblioteca de Oro del Estudiante N°17,Varios,Producciones Garcia Ferre,-,-,1
-,Biblioteca de Oro del Estudiante N°18,Varios,Producciones Garcia Ferre,-,-,1
-,Biblioteca de Oro del Estudiante N°19,Varios,Producciones Garcia Ferre,-,-,1
-,Biblioteca de Oro del Estudiante N°20,Varios,Producciones Garcia Ferre,-,-,1
-,Biblioteca de Oro del Estudiante N°21,Varios,Producciones Garcia Ferre,-,-,1
-,Biblioteca de Oro del Estudiante N°22,Varios,Producciones Garcia Ferre,-,-,1
-,Biblioteca de Oro del Estudiante N°24,Varios,Producciones Garcia Ferre,-,-,1
-,Biblioteca de Oro del Estudiante N°25,Varios,Producciones Garcia Ferre,-,-,1
-,Biblioteca de Oro del Estudiante N°26,Varios,Producciones Garcia Ferre,-,-,1
-,Biblioteca de Oro del Estudiante N°27,Varios,Producciones Garcia Ferre,-,-,1
-,Biblioteca de Oro del Estudiante N°28,Varios,Producciones Garcia Ferre,-,-,1
-,Biblioteca de Oro del Estudiante N°29,Varios,Producciones Garcia Ferre,-,-,1
-,Biblioteca de Oro del Estudiante N°30,Varios,Producciones Garcia Ferre,-,-,1
-,Biblioteca de Oro del Estudiante N°31,Varios,Producciones Garcia Ferre,-,-,1
-,Biblioteca de Oro del Estudiante N°32,Varios,Producciones Garcia Ferre,-,-,1
-,Biblioteca de Oro del Estudiante N°33,Varios,Producciones Garcia Ferre,-,-,1
-,Biblioteca de Oro del Estudiante N°34,Varios,Producciones Garcia Ferre,-,-,1
-,Biblioteca de Oro del Estudiante N°35,Varios,Producciones Garcia Ferre,-,-,1
-,Biblioteca de Oro del Estudiante N°36,Varios,Producciones Garcia Ferre,-,-,1
-,Biblioteca de Oro del Estudiante N°37,Varios,Producciones Garcia Ferre,-,-,1
-,Biblioteca de Oro del Estudiante N°38,Varios,Producciones Garcia Ferre,-,-,1
-,Biblioteca de Oro del Estudiante N°39,Varios,Producciones Garcia Ferre,-,-,1
-,Biblioteca de Oro del Estudiante N°40,Varios,Producciones Garcia Ferre,-,-,1
-,Biblioteca de Oro del Estudiante N°41,Varios,Producciones Garcia Ferre,-,-,1
-,Biblioteca de Oro del Estudiante N°42,Varios,Producciones Garcia Ferre,-,-,1
-,Biblioteca de Oro del Estudiante N°43,Varios,Producciones Garcia Ferre,-,-,1
-,Biblioteca de Oro del Estudiante N°44,Varios,Producciones Garcia Ferre,-,-,1
-,Biblioteca de Oro del Estudiante N°45,Varios,Producciones Garcia Ferre,-,-,1
-,Biblioteca de Oro del Estudiante N°46,Varios,Producciones Garcia Ferre,-,-,1
-,Biblioteca de Oro del Estudiante N°47,Varios,Producciones Garcia Ferre,-,-,1
-,Biblioteca de Oro del Estudiante N°48,Varios,Producciones Garcia Ferre,-,-,1
-,Biblioteca de Oro del Estudiante N°49,Varios,Producciones Garcia Ferre,-,-,1
-,Biblioteca de Oro del Estudiante N°50,Varios,Producciones Garcia Ferre,-,-,1
-,Biblioteca de Oro del Estudiante N°51,Varios,Producciones Garcia Ferre,-,-,1
-,Biblioteca de Oro del Estudiante N°52,Varios,Producciones Garcia Ferre,-,-,1
-,Historia Universal n°1,Varios,Producciones Garcia Ferre,-,-,1
-,Historia Universal n°2,Varios,Producciones Garcia Ferre,-,-,1
-,Historia Universal n°3,Varios,Producciones Garcia Ferre,-,-,1
-,Historia Universal n°4,Varios,Producciones Garcia Ferre,-,-,1
-,Historia Universal n°5,Varios,Producciones Garcia Ferre,-,-,1
-,Historia Universal n°6,Varios,Producciones Garcia Ferre,-,-,1
-,Historia Universal n°7,Varios,Producciones Garcia Ferre,-,-,1
-,Historia Universal n°8,Varios,Producciones Garcia Ferre,-,-,1
-,Historia Universal n°9,Varios,Producciones Garcia Ferre,-,-,1
-,Historia Universal n°10,Varios,Producciones Garcia Ferre,-,-,1
-,Historia Universal n°11,Varios,Producciones Garcia Ferre,-,-,1
-,Historia Universal n°12,Varios,Producciones Garcia Ferre,-,-,1
-,Historia Universal n°13,Varios,Producciones Garcia Ferre,-,-,1
-,Historia Universal n°14,Varios,Producciones Garcia Ferre,-,-,1
-,Historia Universal n°15,Varios,Producciones Garcia Ferre,-,-,1
-,Historia Universal n°16,Varios,Producciones Garcia Ferre,-,-,1
-,Historia Universal n°17,Varios,Producciones Garcia Ferre,-,-,1
-,Historia Universal n°19,Varios,Producciones Garcia Ferre,-,-,1
-,Electrónica Básica,"Van Valkenburgh, Nooguer y Neville, inc",Editorial Bell,-,-,1
-,Manual de antenas,Woodrow Smith,Editorial Hispano Americana,-,-,1
-,Curso Completo de Instalaciones Eléctricas,Henry A. Miller,Editorial Glem,-,-,1
-,your turn next...,Michael Downie,Richmond Publishing,-,-,1
-,Megavatios 401 Septiembre 2014,-,Edigar,-,-,1
-,Megavatios 402 Octubre 2014,-,Edigar,-,-,1
-,Megavatios 405 Enero 2015,-,Edigar,-,-,1
-,Megavatios 422 Junio 2016,-,Edigar,-,-,1
-,El proyecto 451,Leopoldo D. Encina,Ministerio de educación,-,-,1
-,Recomendaciones Metodológicas - C. Naturales,-,Ministerio de educación,-,-,1
-,Neumatica,-,-,-,-,1
-,Algebra 3,Tajani-Vallejo,Cesarini Hnos. Editores,-,-,1
-,Geometria y Trigonometria 3,Tajani-Vallejo,Cesarini Hnos. Editores,-,-,1
-,Matematica 2,Tajani-Vallejo,Cesarini Hnos. Editores,-,-,1
-,Aprenda televisión en 15 días ,-,Editorial NEO TECNICA,-,-,1
-,BOMBAS Performances Hidraulicas 2007,-,Motores CZERWENY S.A.,-,-,1
-,micromaster,-,SIEMENS,-,-,1
-,Enciclopedia De La Huerta,Adolfo Lerena Gabarret,Ediciones Mundo Tècnico,Agronomìa,-,1
-,LA RAZON,-,Ciencia Viva,-,-,1
-,Biología,Analía Lezcano,E.E.T:P. 451,-,-,1
-,TRATADO DE RADIO,FRANCISCO L. SINGER,H.A.S.A.,-,-,1
-,Historia,Blanca Berlanga,-,-,-,1
-,Pensar en la dictadura: terrorismo de Estado en Argentina,-,Ministerio de educacion,-,-,1
-,Guias de Estudio e investigacion HISTORIA 3,-,Editorial Metodos,-,-,1
-,MECANIZADO BAICO PARA ELECTROMECANICA,Varios,Ministerio de educacion y deportes,-,-,1
-,manual de normas para dibujo tecnico,-,Instituto argentino de racionalizacion de materiales,-,-,1
-,HIDRAULICA Y MAQUINAS HIDRAULICAS,STEVENAZZI,CESARINI Hnos,-,-,1
-,CIENCIA E INGENIERIA DE LOS MATERIALES,Donald R. Askeland; Pradeep P. Phule,THOMSON,-,-,1
-,HOJALATERIA,FRANCISCO J. BERRA,TALLERES AFINES,-,-,1
-,HERRERIA,FRANCISCO J. BERRA,TALLERES AFINES,-,-,1
-,MOLDEO,FRANCISCO J. BERRA,TALLERES AFINES,-,-,1
-,Technical English 2A,David Bonamy,PEARSON Longman,-,-,1
-,Tecnologia mecanica practica 1 curso basico,-,Sociedad Alemana de Cooperacion Tecnica,-,-,1
-,FISICA Para Ciencias E Ingenierias,Raymond A. Serway; John W. Jewett Jr.,THOMSON,-,-,1
-,La obra maestra desconocida,Honore de Balzac,Ministerio de educacion ciencia y tecnologia,-,-,1
-,FOUNTAIN,Jim Lawley; Roger Hunt,Nelson,-,-,1
-,PATAGONIA SE PRESENTA COMO NO CONVENCIONAL,-,EDIGAR,-,-,1
-,EL IMPACTO DE LOS HIDROCARBUROS NO CONVENCIONALES,-,EDIGAR,-,-,1
-,LOS TABLEROS POTENCIAN LA GESTION,-,EDIGAR,-,-,1
-,LA MEDICION EN LA LINEA DE PRODUCCION,-,EDIGAR,-,-,1
-,EL FUTURO MAS CERCA,-,EDIGAR,-,-,1
-,OPORTUNIDADES DESDE LA BASE,-,EDIGAR,-,-,1
-,VENTAJAS DE LOS SISTEMAS DE REGULACION ELECTRO-HIDRAULICOS,-,EDIGAR,-,-,1
-,Diagnostico por descargas parciales en grandes maquinas rotantes,-,Edigar grupo editor,-,-,1
-,Informe de gestion 2003-2007,-,Ministerio de educación,-,-,1
-,Engage,-,Oxford university press,Ingles,-,1
-,Adventures,-,Oxford university press,Ingles,-,1
-,Matemática 3 ,-,Editorial Estrada,-,-,1
-,Educacion civica 1,-,Sainte clarie editora SRL,-,-,1
-,Electrónica Digital Básica,-,Bell SA,-,-,1
-,Ciencias Sociales ,-,Santillana,-,-,1
-,donde está esta falla?,-,Ediciones VAE,-,-,1
-,Atlas de la cultura ,-,Senado de la nación,-,-,1
-,Nace una escuela,-,-,-,-,1
-,Fisicoquímica ,-,MC graw hill,-,-,1
-,Las islas malvinas,-,Ministerio de educación,-,-,1
-,Open Doors Workbook 1,Norman Whitney,Oxford University Press,-,-,1
-,Open Doors Student's Book 1,Norman Whitney,Oxford University Press,-,-,1
-,Your turn - Student's Book 4,Michael Downie,Richmond Publishing,-,-,1
-,English 2,Leslie Boff Wolff,Santillana,-,-,1
-,Un poeta en la funciòn pùblica,Jorge Campana,Culturales Santafesinas,-,-,1
-,El filo de la navaja,Somerset Maugham,-,-,-,1
-,Tres aventuras por el mundo del conocimiento,-,Ministerio de educación,-,-,1
-,Libros ilustrados ,-,Ministerio de educación,-,-,1
-,Más de 40 años de experiencia técnica,-,TecnoTrans,-,-,1
-,La química sustentable ,-,Edigar grupo edutor,-,-,1
-,Soluciones de dosificación automática fabricadas en el país,-,Edigar grupo edutor,-,-,1
-,Guia IQ 2015,-,Edigar grupo edutor,-,-,1
-,Arranca la licitación más esperada en el mercado energético ,-,Edigar grupo edutor,-,-,1
-,¿Es rentable hacer mantenimiento?,-,Edigar grupo edutor,-,-,1
-,Bombas neumaticas a doble diafragma,-,Edigar grupo edutor,-,-,1
-,Circuitos y sistemas electrónicos ,Alfredo L.Benitez,Philco-Ford Corporation,-,-,1
-,Fundamentos de electricidad y electrónica,Alfredo L.Benitez,Philco-Ford Corporation,-,-,1
-,Fundamentos de electricidad y electrónica,Alfredo L.Benitez,Philco-Ford Corporation,-,-,1
-,Ciencia y Tecnología Argentina,-,Tecnopolis,-,-,1
-,Essential English,E.Eckersley,Longmans,-,-,1
-,10 Postales por el derecho a la identidad,-,Ministerio de educación,-,-,1
-,Tercaer ciclo matemática,-,Ministerio de educación,-,-,1
-,Protección catódica,-,Edigar grupo edutor,-,-,1
-,El árbol rojo,-,Barbara fiore editora,-,-,1
-,Orientaciones didácticas,-,Ministerio de educación,-,-,1
-,Industria Argentina,-,Precidencia de la nación,-,-,1
-,La razon,-,Ciencia Viva,-,-,1
-,Programa nacional de resolución de problemas,-,Ministerio de educación,-,-,1
-,Matemática 1,Daniel Sarico,Kapelusz,-,-,1
-,Matemática moderna,Antono Roberto Lopez,Stella ,-,-,1
-,Iniciación al estudio de la teoría de las situaciones didácticas,-,Ministerio de educación,-,-,1
-,Educación física ,-,Ministerio de educación,-,-,1
-,introducción al pensamiento lógico y creativo,-,AZ,-,-,1
-,Educación sexual integral ,-,Ministerio de educación,-,-,1
-,Matemática 3,-,Tapia,El filo de la navaja,-,1
-,Los tableros potencian la gestión,-,Edigar grupo edutor,-,-,1
-,Mecánica popular,-,-,-,-,1
-,El monitor  de la educación,-,Ministerio de educación,-,-,1
-,Conectados,-,Ministerio de educación,Lengua y literatura,-,1
-,Manual de normas iram de aplicacion para dibujo tecnico,-,Instituto Argentino de Normalización,-,-,1
-,El género de la patria,-,Ministerio de educación ,-,-,1
-,CoroKey,-,Sandvik,-,-,1
-,Ley de cooperativas,-,Intercoop,-,-,1
-,atahualpa yupanqui,MInisterio de educacion,Ministerio de educaicon,-,-,1
-,micrio automacion ,-,grupo micro,-,-,1
-,historia moderna y comteporanea,jose cosmelli,troquel s.a,-,-,1
-,Ser humano,clarin,Clarin,-,-,1
-,matematica,"maria laura torre,laura spivak, pablo kaczor,maria celina",santillana egb,-,-,1
-,matematica,"alcantara,lomazzi,mina",estrada,-,-,1
-,matematica,-,estrada,-,-,1
-,matematica,ministerio de educacion,Ministerio de educacion,-,-,1
-,El libro de  la Matemática 8,ministerio de educacion,ministerio de educacion,-,-,1
-,Quìmica Inorganica - Orgànica ,Garcìa Rivière ,Troquel S.A.,-,-,1
-,Catàlgo 1 2005/2006,Bornes ,,-,-,1
-,Fìsica 2 ,Hèctor Fernandez Serventi,Losada S.A.,-,-,1
-,Catàlogo General,SKF,SKF,-,-,1
-,"Mecanica, Movimiento ondulatorio y calor",Francis W. Sears,Aguilar S.A.,-,-,1
-,Recomendaciones Metodológicas Para La Enseñanza ,Andrea Novembre,Ministerio De Educación ,Matemática,-,1
-,Manual De Normas Iram De Aplicación Para Dibujo Técnico,-,Instituto Argentino De Normalización ,DIbujo Técnico,-,1
-,Conectados ,Myriam Delgado,-,Lengua Y Literatura,-,1
-,Seminario Universitario ,Eduardo Serrano,- ,Matemática,-,1
-,Servicios Industriales Fluidodinamicos ,- ,-,Servicios,-,1
-,Experiencia en Neumatica,-,MANNESMANN REXROTH,-,-,1
-,Diseño e implementacion del PLAN DE MEJORA INSTITUCIONAL,-,Ministerio de educacion,-,-,1
-,Resolucion de problemas,-,Ministerio de educacion ciencia y tecnologia,Matematica,-,1
-,Programa Formativo 2,-,-,-,-,1
-,Programa Formativo 3,-,-,-,-,1
-,Matematica 2 - Equipo de Actividades,Varios,Editorial ESTRADA,Matematica,-,1
-,Las ideas de negocios,-,Universidad tecnologica nacional,-,-,1
-,7415x,-,ifm electronic,-,-,1
-,Carpeta de actividades para matematica 6to grado,Pablo J. Gabba,MARYMAR,Matematica,-,1
-,Carpeta de actividades para matematica 7to grado,GABBA; DAVILA,MARYMAR,Matematica,-,1
-,TECNICA EN EQUIPOS E INSTALACIONES ELECTROMECANICAS 6to Año,,Ministerio de educacioj,Mecanica,-,1
-,ESTUDIOS SOBRE LA LENGUA DE SANTA FE,Varios,Fondo editorial de la provincia de santa fe,-,-,1
-,AXOLOTL en Final del juego,Julio Cortazar,ministerio de educacion,-,-,1
-,Graffiti en queremos tanto a glenda,Julio Cortazar,ministerio de educacion,-,-,1
-,NEUMATICA - OLEOHIDRAULICA - VAPOR - GLP - AUTOMATIZACIONES,,Servicios industriales fluidodinamicos S.A.,-,-,1
-,LIBROS TECNICOS,BME. Mitre,LIBRERIA MITRE,-,-,1
-,Programa Nacional de Resolucion de Problemas (Nivel Medio),,Ministerio de cultura y educacion de la nacion,Matematica,-,1
-,El Monitor ,Juan Carlos Tedesco,Promesas Y Desafios ,-,-,1
-,A Technical School 3,Elba Fontana,Kapelusz,-,-,1
-,Mecánica Popular ,Santiago Villazón,Vanidades S.A.,-,-,1
-,Cortázar 100 Años,Antoni Tapies,Cortázar,-,-,1
-,Estudios Sobre La Lengua De Santa Fe,-,-,-,-,1